task_id,source_system,department,section_id,section_name,zone_code,defect_type,defect_description,criticality,reported_date,due_date,estimated_duration,location_km,recurrence_count,inspection_gap_days,import_source
TMS-0001,TMS,Engineering,NDLS-GZB,New Delhi - Ghaziabad,NR,Level Crossing Paved Track Repair,Rubber pad renewal and check rail clearance at LC Gate on New Delhi - Ghaziabad,medium,2026-09-09,2026-09-21,135,7.7,0,15,data.gov.in
TMS-0002,TMS,Engineering,NDLS-GZB,New Delhi - Ghaziabad,NR,Track Geometry Alignment Calibration,Track recording car flagged cross-level and twist exceeding tolerance on New Delhi - Ghaziabad,high,2026-09-04,2026-09-10,120,1.9,0,30,data.gov.in
SMMS-0003,SMMS,Signal & Telecom,NDLS-GZB,New Delhi - Ghaziabad,NR,Point Machine Lock Bar Testing,Facing point lock tolerance check on junction interlocking on New Delhi - Ghaziabad,high,2026-08-31,2026-09-18,90,7.6,1,15,data.gov.in
SMMS-0004,SMMS,Signal & Telecom,NDLS-GZB,New Delhi - Ghaziabad,NR,Track Circuit Relay Replacement,QTA2 track relay contact resistance fluctuating under dampness on New Delhi - Ghaziabad,high,2026-09-04,2026-09-19,90,9.3,0,45,data.gov.in
TDMS-0005,TDMS,Traction Distribution,NDLS-GZB,New Delhi - Ghaziabad,NR,Insulator Jet Washing,Heavy pollution encrustation on porcelain insulators near industrial sidings on New Delhi - Ghaziabad,medium,2026-09-05,2026-09-13,90,11.8,1,45,data.gov.in
TDMS-0006,TDMS,Traction Distribution,NDLS-GZB,New Delhi - Ghaziabad,NR,Neutral Section Insulator Renewal,PTFE neutral section runner wear exceeds 3mm safety tolerance on New Delhi - Ghaziabad,critical,2026-09-03,2026-09-25,90,4.7,2,15,data.gov.in
TMS-0007,TMS,Engineering,NDLS-NZM,New Delhi - Hazrat Nizamuddin,NR,Track Geometry Alignment Calibration,Track recording car flagged cross-level and twist exceeding tolerance on New Delhi - Hazrat Nizamuddin,high,2026-09-06,2026-09-29,120,2.2,0,15,data.gov.in
TMS-0008,TMS,Engineering,NDLS-NZM,New Delhi - Hazrat Nizamuddin,NR,Sleeper Replacement & Fastening,Pre-stressed concrete sleeper renewal on high-density curve track on New Delhi - Hazrat Nizamuddin,medium,2026-09-08,2026-09-15,135,6.1,0,60,data.gov.in
TMS-0009,TMS,Engineering,NDLS-NZM,New Delhi - Hazrat Nizamuddin,NR,SEJ Overhaul,Tongue and stock rail gap calibration for extreme thermal expansion on New Delhi - Hazrat Nizamuddin,high,2026-09-03,2026-09-28,165,6.0,0,45,data.gov.in
SMMS-0010,SMMS,Signal & Telecom,NDLS-NZM,New Delhi - Hazrat Nizamuddin,NR,Point Machine Lock Bar Testing,Facing point lock tolerance check on junction interlocking on New Delhi - Hazrat Nizamuddin,high,2026-09-09,2026-10-04,90,1.4,0,30,data.gov.in
SMMS-0011,SMMS,Signal & Telecom,NDLS-NZM,New Delhi - Hazrat Nizamuddin,NR,Track Circuit Relay Replacement,QTA2 track relay contact resistance fluctuating under dampness on New Delhi - Hazrat Nizamuddin,high,2026-09-03,2026-09-20,90,2.6,0,45,data.gov.in
SMMS-0012,SMMS,Signal & Telecom,NDLS-NZM,New Delhi - Hazrat Nizamuddin,NR,OFC Splicing & Path Jointing,Fiber attenuation high on quad cable core near intermediate block hut on New Delhi - Hazrat Nizamuddin,high,2026-09-10,2026-09-16,105,5.8,2,45,data.gov.in
TDMS-0013,TDMS,Traction Distribution,NDLS-NZM,New Delhi - Hazrat Nizamuddin,NR,25kV TSS Feeder CB Overhaul,Vacuum circuit breaker auxiliary contact overhaul during scheduled power block on New Delhi - Hazrat Nizamuddin,critical,2026-08-30,2026-09-14,120,2.3,2,60,data.gov.in
TDMS-0014,TDMS,Traction Distribution,NDLS-NZM,New Delhi - Hazrat Nizamuddin,NR,OHE Contact Wire Profile Measurement,Laser pantograph contact wire height and stagger recording on New Delhi - Hazrat Nizamuddin,high,2026-09-13,2026-09-26,90,1.8,1,60,data.gov.in
TMS-0015,TMS,Engineering,AMB-CDG,Ambala - Chandigarh,NR,CMS Crossing Reconditioning,Trans-weld building up of battered nose on Cast Manganese Steel crossing on Ambala - Chandigarh,medium,2026-09-10,2026-09-19,135,23.4,0,15,data.gov.in
TMS-0016,TMS,Engineering,AMB-CDG,Ambala - Chandigarh,NR,Thermit Weld Renewal,AT Weld defective Ultrasonic signal at Rail Joint needing crop & re-weld on Ambala - Chandigarh,critical,2026-09-13,2026-10-08,150,8.0,2,15,data.gov.in
TMS-0017,TMS,Engineering,AMB-CDG,Ambala - Chandigarh,NR,Deep Ballast Screening & Tamping,Ballast cleaning machine deployment to restore track elasticity on Ambala - Chandigarh,high,2026-09-05,2026-09-29,210,44.8,1,15,data.gov.in
SMMS-0018,SMMS,Signal & Telecom,AMB-CDG,Ambala - Chandigarh,NR,Axle Counter Sensor Recalibration,Multi-section digital axle counter wheel sensor gain drifted on Ambala - Chandigarh,critical,2026-09-07,2026-09-15,75,13.9,0,60,data.gov.in
SMMS-0019,SMMS,Signal & Telecom,AMB-CDG,Ambala - Chandigarh,NR,OFC Splicing & Path Jointing,Fiber attenuation high on quad cable core near intermediate block hut on Ambala - Chandigarh,high,2026-09-09,2026-09-30,105,34.5,0,45,data.gov.in
TDMS-0020,TDMS,Traction Distribution,AMB-CDG,Ambala - Chandigarh,NR,Cantilever Assembly Replacement,Galvanized steel cantilever bracket corrosion detected during trolley inspection on Ambala - Chandigarh,high,2026-09-06,2026-09-16,105,24.7,0,45,data.gov.in
TDMS-0021,TDMS,Traction Distribution,AMB-CDG,Ambala - Chandigarh,NR,OHE Contact Wire Profile Measurement,Laser pantograph contact wire height and stagger recording on Ambala - Chandigarh,high,2026-09-17,2026-09-25,90,41.9,1,30,data.gov.in
TMS-0022,TMS,Engineering,LKO-BSB,Lucknow - Varanasi,NR,Sleeper Replacement & Fastening,Pre-stressed concrete sleeper renewal on high-density curve track on Lucknow - Varanasi,medium,2026-08-30,2026-09-06,135,25.3,2,15,data.gov.in
TMS-0023,TMS,Engineering,LKO-BSB,Lucknow - Varanasi,NR,Rail Flaw Ultrasonic Testing,USFD detected transverse fatigue crack in rail head on Lucknow - Varanasi,critical,2026-09-13,2026-09-22,90,188.4,0,45,data.gov.in
SMMS-0024,SMMS,Signal & Telecom,LKO-BSB,Lucknow - Varanasi,NR,Point Machine Lock Bar Testing,Facing point lock tolerance check on junction interlocking on Lucknow - Varanasi,high,2026-08-31,2026-09-11,90,203.5,2,45,data.gov.in
SMMS-0025,SMMS,Signal & Telecom,LKO-BSB,Lucknow - Varanasi,NR,Level Crossing Boom Barrier Overhaul,Electric lifting barrier clutch mechanism alignment on Lucknow - Varanasi,medium,2026-09-01,2026-09-20,90,35.4,0,15,data.gov.in
SMMS-0026,SMMS,Signal & Telecom,LKO-BSB,Lucknow - Varanasi,NR,Automatic Signaling Aspect Renewal,Signal LED cluster degradation on home signal aspect on Lucknow - Varanasi,high,2026-09-17,2026-10-10,60,158.3,0,15,data.gov.in
TDMS-0027,TDMS,Traction Distribution,LKO-BSB,Lucknow - Varanasi,NR,Neutral Section Insulator Renewal,PTFE neutral section runner wear exceeds 3mm safety tolerance on Lucknow - Varanasi,critical,2026-09-10,2026-09-17,90,258.1,1,15,data.gov.in
TDMS-0028,TDMS,Traction Distribution,LKO-BSB,Lucknow - Varanasi,NR,25kV TSS Feeder CB Overhaul,Vacuum circuit breaker auxiliary contact overhaul during scheduled power block on Lucknow - Varanasi,critical,2026-09-09,2026-09-29,120,61.8,0,60,data.gov.in
TMS-0029,TMS,Engineering,GZB-CNB,Ghaziabad - Kanpur,NCR,Bridge Bearing Inspection & Greasing,Girder seating rocker-roller bearing lubrication on Ghaziabad - Kanpur,medium,2026-09-04,2026-09-15,120,42.3,2,45,data.gov.in
TMS-0030,TMS,Engineering,GZB-CNB,Ghaziabad - Kanpur,NCR,Deep Ballast Screening & Tamping,Ballast cleaning machine deployment to restore track elasticity on Ghaziabad - Kanpur,high,2026-09-04,2026-09-23,210,379.4,0,15,data.gov.in
SMMS-0031,SMMS,Signal & Telecom,GZB-CNB,Ghaziabad - Kanpur,NCR,Electronic Interlocking Diagnostic,Dual redundant EI system power supply unit card replacement on Ghaziabad - Kanpur,critical,2026-09-07,2026-09-15,90,109.9,0,60,data.gov.in
SMMS-0032,SMMS,Signal & Telecom,GZB-CNB,Ghaziabad - Kanpur,NCR,Track Circuit Relay Replacement,QTA2 track relay contact resistance fluctuating under dampness on Ghaziabad - Kanpur,high,2026-09-04,2026-09-14,90,123.0,0,15,data.gov.in
TDMS-0033,TDMS,Traction Distribution,GZB-CNB,Ghaziabad - Kanpur,NCR,Insulator Jet Washing,Heavy pollution encrustation on porcelain insulators near industrial sidings on Ghaziabad - Kanpur,medium,2026-09-16,2026-10-11,90,438.7,0,15,data.gov.in
TDMS-0034,TDMS,Traction Distribution,GZB-CNB,Ghaziabad - Kanpur,NCR,25kV TSS Feeder CB Overhaul,Vacuum circuit breaker auxiliary contact overhaul during scheduled power block on Ghaziabad - Kanpur,critical,2026-09-12,2026-09-30,120,213.7,0,60,data.gov.in
TDMS-0035,TDMS,Traction Distribution,GZB-CNB,Ghaziabad - Kanpur,NCR,Neutral Section Insulator Renewal,PTFE neutral section runner wear exceeds 3mm safety tolerance on Ghaziabad - Kanpur,critical,2026-09-12,2026-09-29,90,1.9,2,45,data.gov.in
TMS-0036,TMS,Engineering,CNB-PRYJ,Kanpur - Prayagraj,NCR,SEJ Overhaul,Tongue and stock rail gap calibration for extreme thermal expansion on Kanpur - Prayagraj,high,2026-09-04,2026-09-26,165,128.1,2,30,data.gov.in
TMS-0037,TMS,Engineering,CNB-PRYJ,Kanpur - Prayagraj,NCR,Sleeper Replacement & Fastening,Pre-stressed concrete sleeper renewal on high-density curve track on Kanpur - Prayagraj,medium,2026-09-08,2026-09-19,135,187.0,0,45,data.gov.in
TMS-0038,TMS,Engineering,CNB-PRYJ,Kanpur - Prayagraj,NCR,Level Crossing Paved Track Repair,Rubber pad renewal and check rail clearance at LC Gate on Kanpur - Prayagraj,medium,2026-09-16,2026-10-09,135,92.5,0,15,data.gov.in
SMMS-0039,SMMS,Signal & Telecom,CNB-PRYJ,Kanpur - Prayagraj,NCR,Track Circuit Relay Replacement,QTA2 track relay contact resistance fluctuating under dampness on Kanpur - Prayagraj,high,2026-09-15,2026-10-09,90,14.0,0,60,data.gov.in
SMMS-0040,SMMS,Signal & Telecom,CNB-PRYJ,Kanpur - Prayagraj,NCR,Point Machine Motor Overhaul,143B Point machine stroke timing exceeded 5.2s threshold on Kanpur - Prayagraj,high,2026-08-30,2026-09-11,105,112.2,0,15,data.gov.in
TDMS-0041,TDMS,Traction Distribution,CNB-PRYJ,Kanpur - Prayagraj,NCR,Dropper Replacement & Height Adjustment,Current carrying copper flexible dropper frayed near mast on Kanpur - Prayagraj,medium,2026-09-09,2026-09-20,75,129.6,1,30,data.gov.in
TDMS-0042,TDMS,Traction Distribution,CNB-PRYJ,Kanpur - Prayagraj,NCR,Catenary Wire Tension Regulation,Auto-tensioning device pulley weight travel check before winter on Kanpur - Prayagraj,high,2026-09-05,2026-09-14,120,130.0,1,60,data.gov.in
TDMS-0043,TDMS,Traction Distribution,CNB-PRYJ,Kanpur - Prayagraj,NCR,Dropper Replacement & Height Adjustment,Current carrying copper flexible dropper frayed near mast on Kanpur - Prayagraj,medium,2026-09-15,2026-09-20,75,89.0,0,15,data.gov.in
TMS-0044,TMS,Engineering,PRYJ-DDU,Prayagraj - Pt. Deen Dayal Upadhyaya,NCR,Rail Flaw Ultrasonic Testing,USFD detected transverse fatigue crack in rail head on Prayagraj - Pt. Deen Dayal Upadhyaya,critical,2026-09-09,2026-09-18,90,141.9,0,30,data.gov.in
TMS-0045,TMS,Engineering,PRYJ-DDU,Prayagraj - Pt. Deen Dayal Upadhyaya,NCR,CMS Crossing Reconditioning,Trans-weld building up of battered nose on Cast Manganese Steel crossing on Prayagraj - Pt. Deen Dayal Upadhyaya,medium,2026-09-08,2026-09-18,135,67.2,1,15,data.gov.in
SMMS-0046,SMMS,Signal & Telecom,PRYJ-DDU,Prayagraj - Pt. Deen Dayal Upadhyaya,NCR,Point Machine Motor Overhaul,143B Point machine stroke timing exceeded 5.2s threshold on Prayagraj - Pt. Deen Dayal Upadhyaya,high,2026-09-13,2026-09-26,105,18.4,0,30,data.gov.in
SMMS-0047,SMMS,Signal & Telecom,PRYJ-DDU,Prayagraj - Pt. Deen Dayal Upadhyaya,NCR,Axle Counter Sensor Recalibration,Multi-section digital axle counter wheel sensor gain drifted on Prayagraj - Pt. Deen Dayal Upadhyaya,critical,2026-09-08,2026-10-02,75,32.8,1,30,data.gov.in
SMMS-0048,SMMS,Signal & Telecom,PRYJ-DDU,Prayagraj - Pt. Deen Dayal Upadhyaya,NCR,Axle Counter Sensor Recalibration,Multi-section digital axle counter wheel sensor gain drifted on Prayagraj - Pt. Deen Dayal Upadhyaya,critical,2026-09-01,2026-09-21,75,38.9,0,15,data.gov.in
TDMS-0049,TDMS,Traction Distribution,PRYJ-DDU,Prayagraj - Pt. Deen Dayal Upadhyaya,NCR,Catenary Wire Tension Regulation,Auto-tensioning device pulley weight travel check before winter on Prayagraj - Pt. Deen Dayal Upadhyaya,high,2026-09-16,2026-09-21,120,51.4,0,45,data.gov.in
TDMS-0050,TDMS,Traction Distribution,PRYJ-DDU,Prayagraj - Pt. Deen Dayal Upadhyaya,NCR,Cantilever Assembly Replacement,Galvanized steel cantilever bracket corrosion detected during trolley inspection on Prayagraj - Pt. Deen Dayal Upadhyaya,high,2026-09-03,2026-09-25,105,107.6,0,15,data.gov.in
TDMS-0051,TDMS,Traction Distribution,PRYJ-DDU,Prayagraj - Pt. Deen Dayal Upadhyaya,NCR,Insulator Jet Washing,Heavy pollution encrustation on porcelain insulators near industrial sidings on Prayagraj - Pt. Deen Dayal Upadhyaya,medium,2026-09-13,2026-10-05,90,6.4,1,30,data.gov.in
TMS-0052,TMS,Engineering,AGC-GWL,Agra - Gwalior,NCR,Continuous Welded Rail Destressing,Thermal stress equalization on 60kg 90UTS welded rail for 160 kmph Vande Bharat on Agra - Gwalior,high,2026-09-16,2026-09-30,180,43.3,0,45,data.gov.in
TMS-0053,TMS,Engineering,AGC-GWL,Agra - Gwalior,NCR,Sleeper Replacement & Fastening,Pre-stressed concrete sleeper renewal on high-density curve track on Agra - Gwalior,medium,2026-09-10,2026-09-18,135,42.0,2,30,data.gov.in
TMS-0054,TMS,Engineering,AGC-GWL,Agra - Gwalior,NCR,Sleeper Replacement & Fastening,Pre-stressed concrete sleeper renewal on high-density curve track on Agra - Gwalior,medium,2026-09-12,2026-09-22,135,103.2,0,30,data.gov.in
SMMS-0055,SMMS,Signal & Telecom,AGC-GWL,Agra - Gwalior,NCR,Electronic Interlocking Diagnostic,Dual redundant EI system power supply unit card replacement on Agra - Gwalior,critical,2026-09-10,2026-09-23,90,19.5,0,60,data.gov.in
SMMS-0056,SMMS,Signal & Telecom,AGC-GWL,Agra - Gwalior,NCR,OFC Splicing & Path Jointing,Fiber attenuation high on quad cable core near intermediate block hut on Agra - Gwalior,high,2026-09-02,2026-09-14,105,24.2,2,45,data.gov.in
SMMS-0057,SMMS,Signal & Telecom,AGC-GWL,Agra - Gwalior,NCR,Axle Counter Sensor Recalibration,Multi-section digital axle counter wheel sensor gain drifted on Agra - Gwalior,critical,2026-09-10,2026-09-22,75,3.7,0,60,data.gov.in
TDMS-0058,TDMS,Traction Distribution,AGC-GWL,Agra - Gwalior,NCR,Catenary Wire Tension Regulation,Auto-tensioning device pulley weight travel check before winter on Agra - Gwalior,high,2026-09-15,2026-09-28,120,41.7,2,45,data.gov.in
TDMS-0059,TDMS,Traction Distribution,AGC-GWL,Agra - Gwalior,NCR,Neutral Section Insulator Renewal,PTFE neutral section runner wear exceeds 3mm safety tolerance on Agra - Gwalior,critical,2026-09-14,2026-09-27,90,21.7,1,15,data.gov.in
TDMS-0060,TDMS,Traction Distribution,AGC-GWL,Agra - Gwalior,NCR,Insulator Jet Washing,Heavy pollution encrustation on porcelain insulators near industrial sidings on Agra - Gwalior,medium,2026-09-04,2026-09-20,90,85.5,1,60,data.gov.in
TMS-0061,TMS,Engineering,CSMT-KYN,Mumbai CSMT - Kalyan,CR,Deep Ballast Screening & Tamping,Ballast cleaning machine deployment to restore track elasticity on Mumbai CSMT - Kalyan,high,2026-08-30,2026-09-10,210,14.2,2,15,data.gov.in
TMS-0062,TMS,Engineering,CSMT-KYN,Mumbai CSMT - Kalyan,CR,Rail Flaw Ultrasonic Testing,USFD detected transverse fatigue crack in rail head on Mumbai CSMT - Kalyan,critical,2026-08-31,2026-09-11,90,19.9,0,45,data.gov.in
SMMS-0063,SMMS,Signal & Telecom,CSMT-KYN,Mumbai CSMT - Kalyan,CR,Point Machine Motor Overhaul,143B Point machine stroke timing exceeded 5.2s threshold on Mumbai CSMT - Kalyan,high,2026-09-08,2026-09-29,105,17.1,2,45,data.gov.in
SMMS-0064,SMMS,Signal & Telecom,CSMT-KYN,Mumbai CSMT - Kalyan,CR,Electronic Interlocking Diagnostic,Dual redundant EI system power supply unit card replacement on Mumbai CSMT - Kalyan,critical,2026-09-08,2026-09-30,90,7.6,2,60,data.gov.in
SMMS-0065,SMMS,Signal & Telecom,CSMT-KYN,Mumbai CSMT - Kalyan,CR,Track Circuit Relay Replacement,QTA2 track relay contact resistance fluctuating under dampness on Mumbai CSMT - Kalyan,high,2026-08-30,2026-09-13,90,22.1,0,45,data.gov.in
TDMS-0066,TDMS,Traction Distribution,CSMT-KYN,Mumbai CSMT - Kalyan,CR,25kV TSS Feeder CB Overhaul,Vacuum circuit breaker auxiliary contact overhaul during scheduled power block on Mumbai CSMT - Kalyan,critical,2026-09-04,2026-09-27,120,32.5,1,60,data.gov.in
TDMS-0067,TDMS,Traction Distribution,CSMT-KYN,Mumbai CSMT - Kalyan,CR,OHE Contact Wire Profile Measurement,Laser pantograph contact wire height and stagger recording on Mumbai CSMT - Kalyan,high,2026-09-03,2026-09-14,90,27.6,0,15,data.gov.in
TDMS-0068,TDMS,Traction Distribution,CSMT-KYN,Mumbai CSMT - Kalyan,CR,Catenary Wire Tension Regulation,Auto-tensioning device pulley weight travel check before winter on Mumbai CSMT - Kalyan,high,2026-09-01,2026-09-26,120,33.2,0,30,data.gov.in
TMS-0069,TMS,Engineering,KYN-PUNE,Kalyan - Pune,CR,Sleeper Replacement & Fastening,Pre-stressed concrete sleeper renewal on high-density curve track on Kalyan - Pune,medium,2026-09-11,2026-09-20,135,4.3,0,60,data.gov.in
TMS-0070,TMS,Engineering,KYN-PUNE,Kalyan - Pune,CR,Track Geometry Alignment Calibration,Track recording car flagged cross-level and twist exceeding tolerance on Kalyan - Pune,high,2026-09-15,2026-10-04,120,57.4,0,60,data.gov.in
TMS-0071,TMS,Engineering,KYN-PUNE,Kalyan - Pune,CR,Bridge Bearing Inspection & Greasing,Girder seating rocker-roller bearing lubrication on Kalyan - Pune,medium,2026-09-05,2026-09-17,120,21.1,0,15,data.gov.in
SMMS-0072,SMMS,Signal & Telecom,KYN-PUNE,Kalyan - Pune,CR,Point Machine Lock Bar Testing,Facing point lock tolerance check on junction interlocking on Kalyan - Pune,high,2026-09-12,2026-10-03,90,64.2,0,15,data.gov.in
SMMS-0073,SMMS,Signal & Telecom,KYN-PUNE,Kalyan - Pune,CR,Level Crossing Boom Barrier Overhaul,Electric lifting barrier clutch mechanism alignment on Kalyan - Pune,medium,2026-09-13,2026-10-02,90,91.8,1,60,data.gov.in
SMMS-0074,SMMS,Signal & Telecom,KYN-PUNE,Kalyan - Pune,CR,Electronic Interlocking Diagnostic,Dual redundant EI system power supply unit card replacement on Kalyan - Pune,critical,2026-08-31,2026-09-19,90,123.0,2,60,data.gov.in
TDMS-0075,TDMS,Traction Distribution,KYN-PUNE,Kalyan - Pune,CR,25kV TSS Feeder CB Overhaul,Vacuum circuit breaker auxiliary contact overhaul during scheduled power block on Kalyan - Pune,critical,2026-09-09,2026-09-30,120,66.9,0,45,data.gov.in
TDMS-0076,TDMS,Traction Distribution,KYN-PUNE,Kalyan - Pune,CR,OHE Contact Wire Profile Measurement,Laser pantograph contact wire height and stagger recording on Kalyan - Pune,high,2026-09-15,2026-09-29,90,32.9,1,45,data.gov.in
TDMS-0077,TDMS,Traction Distribution,KYN-PUNE,Kalyan - Pune,CR,Insulator Jet Washing,Heavy pollution encrustation on porcelain insulators near industrial sidings on Kalyan - Pune,medium,2026-09-13,2026-09-22,90,32.5,0,30,data.gov.in
TMS-0078,TMS,Engineering,KYN-BSL,Kalyan - Bhusawal,CR,Deep Ballast Screening & Tamping,Ballast cleaning machine deployment to restore track elasticity on Kalyan - Bhusawal,high,2026-09-04,2026-09-19,210,210.4,2,15,data.gov.in
TMS-0079,TMS,Engineering,KYN-BSL,Kalyan - Bhusawal,CR,Sleeper Replacement & Fastening,Pre-stressed concrete sleeper renewal on high-density curve track on Kalyan - Bhusawal,medium,2026-09-04,2026-09-21,135,350.3,0,60,data.gov.in
SMMS-0080,SMMS,Signal & Telecom,KYN-BSL,Kalyan - Bhusawal,CR,OFC Splicing & Path Jointing,Fiber attenuation high on quad cable core near intermediate block hut on Kalyan - Bhusawal,high,2026-09-06,2026-09-20,105,291.8,2,30,data.gov.in
SMMS-0081,SMMS,Signal & Telecom,KYN-BSL,Kalyan - Bhusawal,CR,Level Crossing Boom Barrier Overhaul,Electric lifting barrier clutch mechanism alignment on Kalyan - Bhusawal,medium,2026-09-10,2026-09-23,90,169.2,0,60,data.gov.in
SMMS-0082,SMMS,Signal & Telecom,KYN-BSL,Kalyan - Bhusawal,CR,Automatic Signaling Aspect Renewal,Signal LED cluster degradation on home signal aspect on Kalyan - Bhusawal,high,2026-09-05,2026-09-15,60,325.4,0,15,data.gov.in
TDMS-0083,TDMS,Traction Distribution,KYN-BSL,Kalyan - Bhusawal,CR,Neutral Section Insulator Renewal,PTFE neutral section runner wear exceeds 3mm safety tolerance on Kalyan - Bhusawal,critical,2026-09-15,2026-10-10,90,166.4,2,30,data.gov.in
TDMS-0084,TDMS,Traction Distribution,KYN-BSL,Kalyan - Bhusawal,CR,Neutral Section Insulator Renewal,PTFE neutral section runner wear exceeds 3mm safety tolerance on Kalyan - Bhusawal,critical,2026-09-09,2026-09-26,90,127.4,2,45,data.gov.in
TDMS-0085,TDMS,Traction Distribution,KYN-BSL,Kalyan - Bhusawal,CR,Dropper Replacement & Height Adjustment,Current carrying copper flexible dropper frayed near mast on Kalyan - Bhusawal,medium,2026-09-05,2026-09-18,75,291.3,2,45,data.gov.in
TMS-0086,TMS,Engineering,NGP-WR,Nagpur - Wardha,CR,Bridge Bearing Inspection & Greasing,Girder seating rocker-roller bearing lubrication on Nagpur - Wardha,medium,2026-09-17,2026-10-09,120,5.0,1,30,data.gov.in
TMS-0087,TMS,Engineering,NGP-WR,Nagpur - Wardha,CR,Thermit Weld Renewal,AT Weld defective Ultrasonic signal at Rail Joint needing crop & re-weld on Nagpur - Wardha,critical,2026-09-16,2026-09-21,150,74.1,0,15,data.gov.in
SMMS-0088,SMMS,Signal & Telecom,NGP-WR,Nagpur - Wardha,CR,Point Machine Lock Bar Testing,Facing point lock tolerance check on junction interlocking on Nagpur - Wardha,high,2026-09-13,2026-10-03,90,52.5,0,60,data.gov.in
SMMS-0089,SMMS,Signal & Telecom,NGP-WR,Nagpur - Wardha,CR,Axle Counter Sensor Recalibration,Multi-section digital axle counter wheel sensor gain drifted on Nagpur - Wardha,critical,2026-09-06,2026-09-16,75,47.7,0,30,data.gov.in
TDMS-0090,TDMS,Traction Distribution,NGP-WR,Nagpur - Wardha,CR,Insulator Jet Washing,Heavy pollution encrustation on porcelain insulators near industrial sidings on Nagpur - Wardha,medium,2026-08-30,2026-09-04,90,72.5,2,60,data.gov.in
TDMS-0091,TDMS,Traction Distribution,NGP-WR,Nagpur - Wardha,CR,25kV TSS Feeder CB Overhaul,Vacuum circuit breaker auxiliary contact overhaul during scheduled power block on Nagpur - Wardha,critical,2026-09-15,2026-10-08,120,54.2,0,15,data.gov.in
TDMS-0092,TDMS,Traction Distribution,NGP-WR,Nagpur - Wardha,CR,Catenary Wire Tension Regulation,Auto-tensioning device pulley weight travel check before winter on Nagpur - Wardha,high,2026-09-14,2026-10-07,120,61.3,1,60,data.gov.in
TMS-0093,TMS,Engineering,MMCT-BVI,Mumbai Central - Borivali,WR,Thermit Weld Renewal,AT Weld defective Ultrasonic signal at Rail Joint needing crop & re-weld on Mumbai Central - Borivali,critical,2026-09-01,2026-09-26,150,11.9,2,60,data.gov.in
TMS-0094,TMS,Engineering,MMCT-BVI,Mumbai Central - Borivali,WR,Thermit Weld Renewal,AT Weld defective Ultrasonic signal at Rail Joint needing crop & re-weld on Mumbai Central - Borivali,critical,2026-09-04,2026-09-20,150,21.3,2,30,data.gov.in
TMS-0095,TMS,Engineering,MMCT-BVI,Mumbai Central - Borivali,WR,Deep Ballast Screening & Tamping,Ballast cleaning machine deployment to restore track elasticity on Mumbai Central - Borivali,high,2026-09-12,2026-10-03,210,31.9,1,60,data.gov.in
SMMS-0096,SMMS,Signal & Telecom,MMCT-BVI,Mumbai Central - Borivali,WR,Electronic Interlocking Diagnostic,Dual redundant EI system power supply unit card replacement on Mumbai Central - Borivali,critical,2026-08-30,2026-09-12,90,11.3,0,15,data.gov.in
SMMS-0097,SMMS,Signal & Telecom,MMCT-BVI,Mumbai Central - Borivali,WR,Axle Counter Sensor Recalibration,Multi-section digital axle counter wheel sensor gain drifted on Mumbai Central - Borivali,critical,2026-09-03,2026-09-15,75,25.0,2,45,data.gov.in
SMMS-0098,SMMS,Signal & Telecom,MMCT-BVI,Mumbai Central - Borivali,WR,OFC Splicing & Path Jointing,Fiber attenuation high on quad cable core near intermediate block hut on Mumbai Central - Borivali,high,2026-09-02,2026-09-17,105,6.8,0,45,data.gov.in
TDMS-0099,TDMS,Traction Distribution,MMCT-BVI,Mumbai Central - Borivali,WR,Dropper Replacement & Height Adjustment,Current carrying copper flexible dropper frayed near mast on Mumbai Central - Borivali,medium,2026-09-09,2026-10-03,75,23.4,1,15,data.gov.in
TDMS-0100,TDMS,Traction Distribution,MMCT-BVI,Mumbai Central - Borivali,WR,25kV TSS Feeder CB Overhaul,Vacuum circuit breaker auxiliary contact overhaul during scheduled power block on Mumbai Central - Borivali,critical,2026-09-15,2026-09-27,120,24.0,2,30,data.gov.in
TDMS-0101,TDMS,Traction Distribution,MMCT-BVI,Mumbai Central - Borivali,WR,OHE Contact Wire Profile Measurement,Laser pantograph contact wire height and stagger recording on Mumbai Central - Borivali,high,2026-09-02,2026-09-21,90,26.4,0,45,data.gov.in
TMS-0102,TMS,Engineering,BVI-ST,Borivali - Surat,WR,Deep Ballast Screening & Tamping,Ballast cleaning machine deployment to restore track elasticity on Borivali - Surat,high,2026-09-10,2026-09-24,210,152.4,1,60,data.gov.in
TMS-0103,TMS,Engineering,BVI-ST,Borivali - Surat,WR,Rail Flaw Ultrasonic Testing,USFD detected transverse fatigue crack in rail head on Borivali - Surat,critical,2026-09-01,2026-09-17,90,98.0,1,45,data.gov.in
SMMS-0104,SMMS,Signal & Telecom,BVI-ST,Borivali - Surat,WR,Axle Counter Sensor Recalibration,Multi-section digital axle counter wheel sensor gain drifted on Borivali - Surat,critical,2026-09-08,2026-09-21,75,53.6,0,45,data.gov.in
SMMS-0105,SMMS,Signal & Telecom,BVI-ST,Borivali - Surat,WR,Point Machine Motor Overhaul,143B Point machine stroke timing exceeded 5.2s threshold on Borivali - Surat,high,2026-08-31,2026-09-10,105,44.7,2,45,data.gov.in
SMMS-0106,SMMS,Signal & Telecom,BVI-ST,Borivali - Surat,WR,Axle Counter Sensor Recalibration,Multi-section digital axle counter wheel sensor gain drifted on Borivali - Surat,critical,2026-09-14,2026-09-25,75,68.5,1,30,data.gov.in
TDMS-0107,TDMS,Traction Distribution,BVI-ST,Borivali - Surat,WR,Neutral Section Insulator Renewal,PTFE neutral section runner wear exceeds 3mm safety tolerance on Borivali - Surat,critical,2026-08-31,2026-09-09,90,63.5,0,45,data.gov.in
TDMS-0108,TDMS,Traction Distribution,BVI-ST,Borivali - Surat,WR,Cantilever Assembly Replacement,Galvanized steel cantilever bracket corrosion detected during trolley inspection on Borivali - Surat,high,2026-09-02,2026-09-10,105,200.0,1,60,data.gov.in
TDMS-0109,TDMS,Traction Distribution,BVI-ST,Borivali - Surat,WR,OHE Contact Wire Profile Measurement,Laser pantograph contact wire height and stagger recording on Borivali - Surat,high,2026-09-03,2026-09-18,90,43.0,0,45,data.gov.in
TMS-0110,TMS,Engineering,ST-BRC,Surat - Vadodara,WR,Thermit Weld Renewal,AT Weld defective Ultrasonic signal at Rail Joint needing crop & re-weld on Surat - Vadodara,critical,2026-09-15,2026-10-02,150,63.5,0,30,data.gov.in
TMS-0111,TMS,Engineering,ST-BRC,Surat - Vadodara,WR,Continuous Welded Rail Destressing,Thermal stress equalization on 60kg 90UTS welded rail for 160 kmph Vande Bharat on Surat - Vadodara,high,2026-08-30,2026-09-13,180,11.8,0,15,data.gov.in
TMS-0112,TMS,Engineering,ST-BRC,Surat - Vadodara,WR,Rail Flaw Ultrasonic Testing,USFD detected transverse fatigue crack in rail head on Surat - Vadodara,critical,2026-09-04,2026-09-28,90,76.7,0,60,data.gov.in
SMMS-0113,SMMS,Signal & Telecom,ST-BRC,Surat - Vadodara,WR,Level Crossing Boom Barrier Overhaul,Electric lifting barrier clutch mechanism alignment on Surat - Vadodara,medium,2026-09-08,2026-10-01,90,126.7,1,15,data.gov.in
SMMS-0114,SMMS,Signal & Telecom,ST-BRC,Surat - Vadodara,WR,Point Machine Motor Overhaul,143B Point machine stroke timing exceeded 5.2s threshold on Surat - Vadodara,high,2026-09-11,2026-10-06,105,27.8,0,30,data.gov.in
SMMS-0115,SMMS,Signal & Telecom,ST-BRC,Surat - Vadodara,WR,Point Machine Lock Bar Testing,Facing point lock tolerance check on junction interlocking on Surat - Vadodara,high,2026-09-12,2026-10-04,90,10.5,0,60,data.gov.in
TDMS-0116,TDMS,Traction Distribution,ST-BRC,Surat - Vadodara,WR,OHE Contact Wire Profile Measurement,Laser pantograph contact wire height and stagger recording on Surat - Vadodara,high,2026-09-08,2026-09-14,90,30.4,1,60,data.gov.in
TDMS-0117,TDMS,Traction Distribution,ST-BRC,Surat - Vadodara,WR,Insulator Jet Washing,Heavy pollution encrustation on porcelain insulators near industrial sidings on Surat - Vadodara,medium,2026-09-10,2026-09-23,90,101.1,0,60,data.gov.in
TDMS-0118,TDMS,Traction Distribution,ST-BRC,Surat - Vadodara,WR,Insulator Jet Washing,Heavy pollution encrustation on porcelain insulators near industrial sidings on Surat - Vadodara,medium,2026-08-31,2026-09-12,90,83.2,1,30,data.gov.in
TMS-0119,TMS,Engineering,BRC-ADI,Vadodara - Ahmedabad,WR,Level Crossing Paved Track Repair,Rubber pad renewal and check rail clearance at LC Gate on Vadodara - Ahmedabad,medium,2026-09-12,2026-09-26,135,59.3,1,60,data.gov.in
TMS-0120,TMS,Engineering,BRC-ADI,Vadodara - Ahmedabad,WR,Thermit Weld Renewal,AT Weld defective Ultrasonic signal at Rail Joint needing crop & re-weld on Vadodara - Ahmedabad,critical,2026-09-03,2026-09-17,150,69.6,1,60,data.gov.in
SMMS-0121,SMMS,Signal & Telecom,BRC-ADI,Vadodara - Ahmedabad,WR,Point Machine Motor Overhaul,143B Point machine stroke timing exceeded 5.2s threshold on Vadodara - Ahmedabad,high,2026-09-16,2026-10-04,105,73.0,1,15,data.gov.in
SMMS-0122,SMMS,Signal & Telecom,BRC-ADI,Vadodara - Ahmedabad,WR,Point Machine Motor Overhaul,143B Point machine stroke timing exceeded 5.2s threshold on Vadodara - Ahmedabad,high,2026-09-10,2026-10-03,105,58.5,0,45,data.gov.in
SMMS-0123,SMMS,Signal & Telecom,BRC-ADI,Vadodara - Ahmedabad,WR,OFC Splicing & Path Jointing,Fiber attenuation high on quad cable core near intermediate block hut on Vadodara - Ahmedabad,high,2026-09-12,2026-10-02,105,51.9,2,45,data.gov.in
TDMS-0124,TDMS,Traction Distribution,BRC-ADI,Vadodara - Ahmedabad,WR,Substation Transformer Testing,Traction power transformer dissolved gas analysis sampling on Vadodara - Ahmedabad,medium,2026-09-02,2026-09-09,90,47.1,2,45,data.gov.in
TDMS-0125,TDMS,Traction Distribution,BRC-ADI,Vadodara - Ahmedabad,WR,Dropper Replacement & Height Adjustment,Current carrying copper flexible dropper frayed near mast on Vadodara - Ahmedabad,medium,2026-09-14,2026-09-24,75,33.3,2,45,data.gov.in
TMS-0126,TMS,Engineering,HWH-BWN,Howrah - Barddhaman,ER,Rail Flaw Ultrasonic Testing,USFD detected transverse fatigue crack in rail head on Howrah - Barddhaman,critical,2026-09-16,2026-10-05,90,9.2,1,45,data.gov.in
TMS-0127,TMS,Engineering,HWH-BWN,Howrah - Barddhaman,ER,Thermit Weld Renewal,AT Weld defective Ultrasonic signal at Rail Joint needing crop & re-weld on Howrah - Barddhaman,critical,2026-09-05,2026-09-26,150,77.7,0,60,data.gov.in
TMS-0128,TMS,Engineering,HWH-BWN,Howrah - Barddhaman,ER,Deep Ballast Screening & Tamping,Ballast cleaning machine deployment to restore track elasticity on Howrah - Barddhaman,high,2026-09-16,2026-09-27,210,49.2,2,60,data.gov.in
SMMS-0129,SMMS,Signal & Telecom,HWH-BWN,Howrah - Barddhaman,ER,Point Machine Lock Bar Testing,Facing point lock tolerance check on junction interlocking on Howrah - Barddhaman,high,2026-09-09,2026-10-01,90,13.2,1,60,data.gov.in
SMMS-0130,SMMS,Signal & Telecom,HWH-BWN,Howrah - Barddhaman,ER,Level Crossing Boom Barrier Overhaul,Electric lifting barrier clutch mechanism alignment on Howrah - Barddhaman,medium,2026-09-14,2026-09-19,90,91.5,0,30,data.gov.in
TDMS-0131,TDMS,Traction Distribution,HWH-BWN,Howrah - Barddhaman,ER,Neutral Section Insulator Renewal,PTFE neutral section runner wear exceeds 3mm safety tolerance on Howrah - Barddhaman,critical,2026-08-31,2026-09-18,90,9.7,0,60,data.gov.in
TDMS-0132,TDMS,Traction Distribution,HWH-BWN,Howrah - Barddhaman,ER,Insulator Jet Washing,Heavy pollution encrustation on porcelain insulators near industrial sidings on Howrah - Barddhaman,medium,2026-09-13,2026-10-03,90,87.7,1,45,data.gov.in
TDMS-0133,TDMS,Traction Distribution,HWH-BWN,Howrah - Barddhaman,ER,Substation Transformer Testing,Traction power transformer dissolved gas analysis sampling on Howrah - Barddhaman,medium,2026-09-02,2026-09-22,90,23.7,0,60,data.gov.in
TMS-0134,TMS,Engineering,BWN-ASN,Barddhaman - Asansol,ER,Track Geometry Alignment Calibration,Track recording car flagged cross-level and twist exceeding tolerance on Barddhaman - Asansol,high,2026-09-01,2026-09-10,120,90.9,1,60,data.gov.in
TMS-0135,TMS,Engineering,BWN-ASN,Barddhaman - Asansol,ER,CMS Crossing Reconditioning,Trans-weld building up of battered nose on Cast Manganese Steel crossing on Barddhaman - Asansol,medium,2026-09-01,2026-09-14,135,86.3,1,45,data.gov.in
SMMS-0136,SMMS,Signal & Telecom,BWN-ASN,Barddhaman - Asansol,ER,Track Circuit Relay Replacement,QTA2 track relay contact resistance fluctuating under dampness on Barddhaman - Asansol,high,2026-09-03,2026-09-25,90,51.4,1,60,data.gov.in
SMMS-0137,SMMS,Signal & Telecom,BWN-ASN,Barddhaman - Asansol,ER,Level Crossing Boom Barrier Overhaul,Electric lifting barrier clutch mechanism alignment on Barddhaman - Asansol,medium,2026-09-07,2026-09-18,90,103.0,0,60,data.gov.in
SMMS-0138,SMMS,Signal & Telecom,BWN-ASN,Barddhaman - Asansol,ER,Point Machine Lock Bar Testing,Facing point lock tolerance check on junction interlocking on Barddhaman - Asansol,high,2026-09-04,2026-09-10,90,34.1,2,60,data.gov.in
TDMS-0139,TDMS,Traction Distribution,BWN-ASN,Barddhaman - Asansol,ER,Cantilever Assembly Replacement,Galvanized steel cantilever bracket corrosion detected during trolley inspection on Barddhaman - Asansol,high,2026-09-02,2026-09-08,105,14.1,1,15,data.gov.in
TDMS-0140,TDMS,Traction Distribution,BWN-ASN,Barddhaman - Asansol,ER,OHE Contact Wire Profile Measurement,Laser pantograph contact wire height and stagger recording on Barddhaman - Asansol,high,2026-09-14,2026-10-05,90,95.7,0,30,data.gov.in
TDMS-0141,TDMS,Traction Distribution,BWN-ASN,Barddhaman - Asansol,ER,Substation Transformer Testing,Traction power transformer dissolved gas analysis sampling on Barddhaman - Asansol,medium,2026-09-13,2026-09-20,90,49.8,1,45,data.gov.in
TMS-0142,TMS,Engineering,SDAH-RHA,Sealdah - Ranaghat,ER,Thermit Weld Renewal,AT Weld defective Ultrasonic signal at Rail Joint needing crop & re-weld on Sealdah - Ranaghat,critical,2026-09-07,2026-09-29,150,28.4,1,60,data.gov.in
TMS-0143,TMS,Engineering,SDAH-RHA,Sealdah - Ranaghat,ER,Rail Flaw Ultrasonic Testing,USFD detected transverse fatigue crack in rail head on Sealdah - Ranaghat,critical,2026-09-16,2026-10-10,90,5.9,1,30,data.gov.in
TMS-0144,TMS,Engineering,SDAH-RHA,Sealdah - Ranaghat,ER,Thermit Weld Renewal,AT Weld defective Ultrasonic signal at Rail Joint needing crop & re-weld on Sealdah - Ranaghat,critical,2026-09-04,2026-09-12,150,55.7,0,60,data.gov.in
SMMS-0145,SMMS,Signal & Telecom,SDAH-RHA,Sealdah - Ranaghat,ER,Axle Counter Sensor Recalibration,Multi-section digital axle counter wheel sensor gain drifted on Sealdah - Ranaghat,critical,2026-09-17,2026-09-23,75,24.4,0,45,data.gov.in
SMMS-0146,SMMS,Signal & Telecom,SDAH-RHA,Sealdah - Ranaghat,ER,Automatic Signaling Aspect Renewal,Signal LED cluster degradation on home signal aspect on Sealdah - Ranaghat,high,2026-09-06,2026-09-24,60,11.5,2,30,data.gov.in
TDMS-0147,TDMS,Traction Distribution,SDAH-RHA,Sealdah - Ranaghat,ER,Cantilever Assembly Replacement,Galvanized steel cantilever bracket corrosion detected during trolley inspection on Sealdah - Ranaghat,high,2026-09-15,2026-10-09,105,63.7,0,60,data.gov.in
TDMS-0148,TDMS,Traction Distribution,SDAH-RHA,Sealdah - Ranaghat,ER,Cantilever Assembly Replacement,Galvanized steel cantilever bracket corrosion detected during trolley inspection on Sealdah - Ranaghat,high,2026-09-10,2026-09-29,105,46.9,2,45,data.gov.in
TMS-0149,TMS,Engineering,DDU-PNBE,Pt. DDU - Patna,ECR,Bridge Bearing Inspection & Greasing,Girder seating rocker-roller bearing lubrication on Pt. DDU - Patna,medium,2026-09-08,2026-09-30,120,34.2,2,45,data.gov.in
TMS-0150,TMS,Engineering,DDU-PNBE,Pt. DDU - Patna,ECR,Track Geometry Alignment Calibration,Track recording car flagged cross-level and twist exceeding tolerance on Pt. DDU - Patna,high,2026-09-08,2026-10-03,120,203.0,1,60,data.gov.in
SMMS-0151,SMMS,Signal & Telecom,DDU-PNBE,Pt. DDU - Patna,ECR,Point Machine Lock Bar Testing,Facing point lock tolerance check on junction interlocking on Pt. DDU - Patna,high,2026-09-05,2026-09-25,90,23.4,2,45,data.gov.in
SMMS-0152,SMMS,Signal & Telecom,DDU-PNBE,Pt. DDU - Patna,ECR,Axle Counter Sensor Recalibration,Multi-section digital axle counter wheel sensor gain drifted on Pt. DDU - Patna,critical,2026-09-08,2026-09-13,75,206.4,2,45,data.gov.in
SMMS-0153,SMMS,Signal & Telecom,DDU-PNBE,Pt. DDU - Patna,ECR,OFC Splicing & Path Jointing,Fiber attenuation high on quad cable core near intermediate block hut on Pt. DDU - Patna,high,2026-08-30,2026-09-05,105,192.2,2,45,data.gov.in
TDMS-0154,TDMS,Traction Distribution,DDU-PNBE,Pt. DDU - Patna,ECR,Dropper Replacement & Height Adjustment,Current carrying copper flexible dropper frayed near mast on Pt. DDU - Patna,medium,2026-09-10,2026-10-05,75,40.9,1,30,data.gov.in
TDMS-0155,TDMS,Traction Distribution,DDU-PNBE,Pt. DDU - Patna,ECR,Insulator Jet Washing,Heavy pollution encrustation on porcelain insulators near industrial sidings on Pt. DDU - Patna,medium,2026-09-16,2026-09-30,90,166.6,0,45,data.gov.in
TMS-0156,TMS,Engineering,PNBE-MKA,Patna - Mokama,ECR,Thermit Weld Renewal,AT Weld defective Ultrasonic signal at Rail Joint needing crop & re-weld on Patna - Mokama,critical,2026-09-08,2026-09-23,150,66.0,0,30,data.gov.in
TMS-0157,TMS,Engineering,PNBE-MKA,Patna - Mokama,ECR,Continuous Welded Rail Destressing,Thermal stress equalization on 60kg 90UTS welded rail for 160 kmph Vande Bharat on Patna - Mokama,high,2026-08-31,2026-09-16,180,47.2,1,30,data.gov.in
SMMS-0158,SMMS,Signal & Telecom,PNBE-MKA,Patna - Mokama,ECR,Level Crossing Boom Barrier Overhaul,Electric lifting barrier clutch mechanism alignment on Patna - Mokama,medium,2026-09-08,2026-09-23,90,71.0,2,15,data.gov.in
SMMS-0159,SMMS,Signal & Telecom,PNBE-MKA,Patna - Mokama,ECR,Track Circuit Relay Replacement,QTA2 track relay contact resistance fluctuating under dampness on Patna - Mokama,high,2026-09-10,2026-09-27,90,85.2,1,15,data.gov.in
SMMS-0160,SMMS,Signal & Telecom,PNBE-MKA,Patna - Mokama,ECR,Electronic Interlocking Diagnostic,Dual redundant EI system power supply unit card replacement on Patna - Mokama,critical,2026-09-17,2026-09-30,90,47.7,2,45,data.gov.in
TDMS-0161,TDMS,Traction Distribution,PNBE-MKA,Patna - Mokama,ECR,Substation Transformer Testing,Traction power transformer dissolved gas analysis sampling on Patna - Mokama,medium,2026-09-06,2026-09-14,90,59.7,2,15,data.gov.in
TDMS-0162,TDMS,Traction Distribution,PNBE-MKA,Patna - Mokama,ECR,Dropper Replacement & Height Adjustment,Current carrying copper flexible dropper frayed near mast on Patna - Mokama,medium,2026-09-10,2026-10-05,75,6.5,2,45,data.gov.in
TDMS-0163,TDMS,Traction Distribution,PNBE-MKA,Patna - Mokama,ECR,Substation Transformer Testing,Traction power transformer dissolved gas analysis sampling on Patna - Mokama,medium,2026-09-14,2026-09-23,90,4.9,0,45,data.gov.in
TMS-0164,TMS,Engineering,DHN-GMO,Dhanbad - Gomoh,ECR,Thermit Weld Renewal,AT Weld defective Ultrasonic signal at Rail Joint needing crop & re-weld on Dhanbad - Gomoh,critical,2026-09-14,2026-09-26,150,25.8,0,60,data.gov.in
TMS-0165,TMS,Engineering,DHN-GMO,Dhanbad - Gomoh,ECR,Bridge Bearing Inspection & Greasing,Girder seating rocker-roller bearing lubrication on Dhanbad - Gomoh,medium,2026-09-06,2026-09-28,120,12.7,0,60,data.gov.in
TMS-0166,TMS,Engineering,DHN-GMO,Dhanbad - Gomoh,ECR,Thermit Weld Renewal,AT Weld defective Ultrasonic signal at Rail Joint needing crop & re-weld on Dhanbad - Gomoh,critical,2026-09-02,2026-09-26,150,12.4,1,15,data.gov.in
SMMS-0167,SMMS,Signal & Telecom,DHN-GMO,Dhanbad - Gomoh,ECR,Point Machine Lock Bar Testing,Facing point lock tolerance check on junction interlocking on Dhanbad - Gomoh,high,2026-09-03,2026-09-22,90,27.6,1,15,data.gov.in
SMMS-0168,SMMS,Signal & Telecom,DHN-GMO,Dhanbad - Gomoh,ECR,Automatic Signaling Aspect Renewal,Signal LED cluster degradation on home signal aspect on Dhanbad - Gomoh,high,2026-08-31,2026-09-25,60,11.0,2,45,data.gov.in
SMMS-0169,SMMS,Signal & Telecom,DHN-GMO,Dhanbad - Gomoh,ECR,Point Machine Lock Bar Testing,Facing point lock tolerance check on junction interlocking on Dhanbad - Gomoh,high,2026-09-14,2026-10-03,90,3.6,0,15,data.gov.in
TDMS-0170,TDMS,Traction Distribution,DHN-GMO,Dhanbad - Gomoh,ECR,Dropper Replacement & Height Adjustment,Current carrying copper flexible dropper frayed near mast on Dhanbad - Gomoh,medium,2026-09-10,2026-09-19,75,23.0,0,15,data.gov.in
TDMS-0171,TDMS,Traction Distribution,DHN-GMO,Dhanbad - Gomoh,ECR,25kV TSS Feeder CB Overhaul,Vacuum circuit breaker auxiliary contact overhaul during scheduled power block on Dhanbad - Gomoh,critical,2026-08-30,2026-09-10,120,23.8,0,45,data.gov.in
TMS-0172,TMS,Engineering,BBS-CTC,Bhubaneswar - Cuttack,ECoR,Track Geometry Alignment Calibration,Track recording car flagged cross-level and twist exceeding tolerance on Bhubaneswar - Cuttack,high,2026-09-17,2026-09-30,120,23.3,0,30,data.gov.in
TMS-0173,TMS,Engineering,BBS-CTC,Bhubaneswar - Cuttack,ECoR,Rail Flaw Ultrasonic Testing,USFD detected transverse fatigue crack in rail head on Bhubaneswar - Cuttack,critical,2026-09-09,2026-09-19,90,3.9,0,30,data.gov.in
SMMS-0174,SMMS,Signal & Telecom,BBS-CTC,Bhubaneswar - Cuttack,ECoR,Automatic Signaling Aspect Renewal,Signal LED cluster degradation on home signal aspect on Bhubaneswar - Cuttack,high,2026-09-10,2026-10-03,60,9.4,0,45,data.gov.in
SMMS-0175,SMMS,Signal & Telecom,BBS-CTC,Bhubaneswar - Cuttack,ECoR,OFC Splicing & Path Jointing,Fiber attenuation high on quad cable core near intermediate block hut on Bhubaneswar - Cuttack,high,2026-09-13,2026-10-01,105,14.7,0,60,data.gov.in
TDMS-0176,TDMS,Traction Distribution,BBS-CTC,Bhubaneswar - Cuttack,ECoR,Dropper Replacement & Height Adjustment,Current carrying copper flexible dropper frayed near mast on Bhubaneswar - Cuttack,medium,2026-09-01,2026-09-24,75,3.8,0,15,data.gov.in
TDMS-0177,TDMS,Traction Distribution,BBS-CTC,Bhubaneswar - Cuttack,ECoR,Catenary Wire Tension Regulation,Auto-tensioning device pulley weight travel check before winter on Bhubaneswar - Cuttack,high,2026-09-03,2026-09-28,120,26.1,0,60,data.gov.in
TDMS-0178,TDMS,Traction Distribution,BBS-CTC,Bhubaneswar - Cuttack,ECoR,Substation Transformer Testing,Traction power transformer dissolved gas analysis sampling on Bhubaneswar - Cuttack,medium,2026-09-04,2026-09-12,90,13.7,2,15,data.gov.in
TMS-0179,TMS,Engineering,CTC-PURI,Cuttack - Puri,ECoR,CMS Crossing Reconditioning,Trans-weld building up of battered nose on Cast Manganese Steel crossing on Cuttack - Puri,medium,2026-09-13,2026-09-20,135,12.2,1,60,data.gov.in
TMS-0180,TMS,Engineering,CTC-PURI,Cuttack - Puri,ECoR,Track Geometry Alignment Calibration,Track recording car flagged cross-level and twist exceeding tolerance on Cuttack - Puri,high,2026-09-01,2026-09-15,120,41.4,2,15,data.gov.in
SMMS-0181,SMMS,Signal & Telecom,CTC-PURI,Cuttack - Puri,ECoR,Point Machine Lock Bar Testing,Facing point lock tolerance check on junction interlocking on Cuttack - Puri,high,2026-09-04,2026-09-23,90,80.0,2,45,data.gov.in
SMMS-0182,SMMS,Signal & Telecom,CTC-PURI,Cuttack - Puri,ECoR,Level Crossing Boom Barrier Overhaul,Electric lifting barrier clutch mechanism alignment on Cuttack - Puri,medium,2026-09-05,2026-09-23,90,65.9,1,60,data.gov.in
TDMS-0183,TDMS,Traction Distribution,CTC-PURI,Cuttack - Puri,ECoR,Catenary Wire Tension Regulation,Auto-tensioning device pulley weight travel check before winter on Cuttack - Puri,high,2026-09-06,2026-09-15,120,62.1,2,15,data.gov.in
TDMS-0184,TDMS,Traction Distribution,CTC-PURI,Cuttack - Puri,ECoR,Insulator Jet Washing,Heavy pollution encrustation on porcelain insulators near industrial sidings on Cuttack - Puri,medium,2026-09-15,2026-09-22,90,39.4,1,30,data.gov.in
TDMS-0185,TDMS,Traction Distribution,CTC-PURI,Cuttack - Puri,ECoR,Neutral Section Insulator Renewal,PTFE neutral section runner wear exceeds 3mm safety tolerance on Cuttack - Puri,critical,2026-08-30,2026-09-21,90,51.0,0,60,data.gov.in
TMS-0186,TMS,Engineering,KUR-VZM,Khurda Road - Vizianagaram,ECoR,Deep Ballast Screening & Tamping,Ballast cleaning machine deployment to restore track elasticity on Khurda Road - Vizianagaram,high,2026-09-16,2026-09-30,210,218.3,1,15,data.gov.in
TMS-0187,TMS,Engineering,KUR-VZM,Khurda Road - Vizianagaram,ECoR,Track Geometry Alignment Calibration,Track recording car flagged cross-level and twist exceeding tolerance on Khurda Road - Vizianagaram,high,2026-09-01,2026-09-12,120,57.0,2,30,data.gov.in
TMS-0188,TMS,Engineering,KUR-VZM,Khurda Road - Vizianagaram,ECoR,Thermit Weld Renewal,AT Weld defective Ultrasonic signal at Rail Joint needing crop & re-weld on Khurda Road - Vizianagaram,critical,2026-09-06,2026-09-28,150,134.1,1,30,data.gov.in
SMMS-0189,SMMS,Signal & Telecom,KUR-VZM,Khurda Road - Vizianagaram,ECoR,OFC Splicing & Path Jointing,Fiber attenuation high on quad cable core near intermediate block hut on Khurda Road - Vizianagaram,high,2026-09-09,2026-09-14,105,66.3,1,45,data.gov.in
SMMS-0190,SMMS,Signal & Telecom,KUR-VZM,Khurda Road - Vizianagaram,ECoR,Automatic Signaling Aspect Renewal,Signal LED cluster degradation on home signal aspect on Khurda Road - Vizianagaram,high,2026-09-17,2026-09-27,60,315.9,2,15,data.gov.in
SMMS-0191,SMMS,Signal & Telecom,KUR-VZM,Khurda Road - Vizianagaram,ECoR,Track Circuit Relay Replacement,QTA2 track relay contact resistance fluctuating under dampness on Khurda Road - Vizianagaram,high,2026-09-17,2026-09-24,90,271.1,0,60,data.gov.in
TDMS-0192,TDMS,Traction Distribution,KUR-VZM,Khurda Road - Vizianagaram,ECoR,OHE Contact Wire Profile Measurement,Laser pantograph contact wire height and stagger recording on Khurda Road - Vizianagaram,high,2026-09-07,2026-09-17,90,135.0,1,15,data.gov.in
TDMS-0193,TDMS,Traction Distribution,KUR-VZM,Khurda Road - Vizianagaram,ECoR,Neutral Section Insulator Renewal,PTFE neutral section runner wear exceeds 3mm safety tolerance on Khurda Road - Vizianagaram,critical,2026-09-13,2026-09-23,90,274.1,0,15,data.gov.in
TDMS-0194,TDMS,Traction Distribution,KUR-VZM,Khurda Road - Vizianagaram,ECoR,Catenary Wire Tension Regulation,Auto-tensioning device pulley weight travel check before winter on Khurda Road - Vizianagaram,high,2026-09-03,2026-09-21,120,176.8,2,60,data.gov.in
TMS-0195,TMS,Engineering,HWH-KGP,Howrah - Kharagpur,SER,Sleeper Replacement & Fastening,Pre-stressed concrete sleeper renewal on high-density curve track on Howrah - Kharagpur,medium,2026-09-01,2026-09-09,135,40.0,0,45,data.gov.in
TMS-0196,TMS,Engineering,HWH-KGP,Howrah - Kharagpur,SER,Track Geometry Alignment Calibration,Track recording car flagged cross-level and twist exceeding tolerance on Howrah - Kharagpur,high,2026-09-02,2026-09-23,120,76.4,0,30,data.gov.in
TMS-0197,TMS,Engineering,HWH-KGP,Howrah - Kharagpur,SER,Deep Ballast Screening & Tamping,Ballast cleaning machine deployment to restore track elasticity on Howrah - Kharagpur,high,2026-09-16,2026-09-21,210,24.1,0,30,data.gov.in
SMMS-0198,SMMS,Signal & Telecom,HWH-KGP,Howrah - Kharagpur,SER,Axle Counter Sensor Recalibration,Multi-section digital axle counter wheel sensor gain drifted on Howrah - Kharagpur,critical,2026-09-07,2026-09-15,75,1.9,2,30,data.gov.in
SMMS-0199,SMMS,Signal & Telecom,HWH-KGP,Howrah - Kharagpur,SER,Track Circuit Relay Replacement,QTA2 track relay contact resistance fluctuating under dampness on Howrah - Kharagpur,high,2026-09-05,2026-09-27,90,80.5,1,15,data.gov.in
SMMS-0200,SMMS,Signal & Telecom,HWH-KGP,Howrah - Kharagpur,SER,Electronic Interlocking Diagnostic,Dual redundant EI system power supply unit card replacement on Howrah - Kharagpur,critical,2026-09-16,2026-10-04,90,3.1,0,45,data.gov.in
TDMS-0201,TDMS,Traction Distribution,HWH-KGP,Howrah - Kharagpur,SER,Substation Transformer Testing,Traction power transformer dissolved gas analysis sampling on Howrah - Kharagpur,medium,2026-09-04,2026-09-18,90,14.0,0,45,data.gov.in
TDMS-0202,TDMS,Traction Distribution,HWH-KGP,Howrah - Kharagpur,SER,Cantilever Assembly Replacement,Galvanized steel cantilever bracket corrosion detected during trolley inspection on Howrah - Kharagpur,high,2026-09-03,2026-09-19,105,11.0,0,30,data.gov.in
TDMS-0203,TDMS,Traction Distribution,HWH-KGP,Howrah - Kharagpur,SER,Substation Transformer Testing,Traction power transformer dissolved gas analysis sampling on Howrah - Kharagpur,medium,2026-08-30,2026-09-16,90,60.2,2,45,data.gov.in
TMS-0204,TMS,Engineering,KGP-TATA,Kharagpur - Tatanagar,SER,Sleeper Replacement & Fastening,Pre-stressed concrete sleeper renewal on high-density curve track on Kharagpur - Tatanagar,medium,2026-09-07,2026-09-17,135,11.1,0,30,data.gov.in
TMS-0205,TMS,Engineering,KGP-TATA,Kharagpur - Tatanagar,SER,CMS Crossing Reconditioning,Trans-weld building up of battered nose on Cast Manganese Steel crossing on Kharagpur - Tatanagar,medium,2026-09-06,2026-10-01,135,108.6,0,15,data.gov.in
TMS-0206,TMS,Engineering,KGP-TATA,Kharagpur - Tatanagar,SER,Continuous Welded Rail Destressing,Thermal stress equalization on 60kg 90UTS welded rail for 160 kmph Vande Bharat on Kharagpur - Tatanagar,high,2026-09-09,2026-09-20,180,23.9,0,15,data.gov.in
SMMS-0207,SMMS,Signal & Telecom,KGP-TATA,Kharagpur - Tatanagar,SER,Level Crossing Boom Barrier Overhaul,Electric lifting barrier clutch mechanism alignment on Kharagpur - Tatanagar,medium,2026-09-03,2026-09-26,90,101.3,2,45,data.gov.in
SMMS-0208,SMMS,Signal & Telecom,KGP-TATA,Kharagpur - Tatanagar,SER,Automatic Signaling Aspect Renewal,Signal LED cluster degradation on home signal aspect on Kharagpur - Tatanagar,high,2026-09-13,2026-10-02,60,10.0,2,45,data.gov.in
TDMS-0209,TDMS,Traction Distribution,KGP-TATA,Kharagpur - Tatanagar,SER,Neutral Section Insulator Renewal,PTFE neutral section runner wear exceeds 3mm safety tolerance on Kharagpur - Tatanagar,critical,2026-09-06,2026-09-27,90,10.8,2,60,data.gov.in
TDMS-0210,TDMS,Traction Distribution,KGP-TATA,Kharagpur - Tatanagar,SER,Neutral Section Insulator Renewal,PTFE neutral section runner wear exceeds 3mm safety tolerance on Kharagpur - Tatanagar,critical,2026-09-16,2026-10-02,90,110.8,0,15,data.gov.in
TDMS-0211,TDMS,Traction Distribution,KGP-TATA,Kharagpur - Tatanagar,SER,Substation Transformer Testing,Traction power transformer dissolved gas analysis sampling on Kharagpur - Tatanagar,medium,2026-09-03,2026-09-26,90,74.2,0,60,data.gov.in
TMS-0212,TMS,Engineering,TATA-ROU,Tatanagar - Rourkela,SER,CMS Crossing Reconditioning,Trans-weld building up of battered nose on Cast Manganese Steel crossing on Tatanagar - Rourkela,medium,2026-09-02,2026-09-23,135,25.3,0,60,data.gov.in
TMS-0213,TMS,Engineering,TATA-ROU,Tatanagar - Rourkela,SER,Thermit Weld Renewal,AT Weld defective Ultrasonic signal at Rail Joint needing crop & re-weld on Tatanagar - Rourkela,critical,2026-09-07,2026-09-14,150,82.2,0,15,data.gov.in
SMMS-0214,SMMS,Signal & Telecom,TATA-ROU,Tatanagar - Rourkela,SER,Level Crossing Boom Barrier Overhaul,Electric lifting barrier clutch mechanism alignment on Tatanagar - Rourkela,medium,2026-09-03,2026-09-24,90,85.2,0,45,data.gov.in
SMMS-0215,SMMS,Signal & Telecom,TATA-ROU,Tatanagar - Rourkela,SER,Automatic Signaling Aspect Renewal,Signal LED cluster degradation on home signal aspect on Tatanagar - Rourkela,high,2026-09-08,2026-09-25,60,66.8,1,15,data.gov.in
TDMS-0216,TDMS,Traction Distribution,TATA-ROU,Tatanagar - Rourkela,SER,Insulator Jet Washing,Heavy pollution encrustation on porcelain insulators near industrial sidings on Tatanagar - Rourkela,medium,2026-09-07,2026-09-15,90,90.8,2,45,data.gov.in
TDMS-0217,TDMS,Traction Distribution,TATA-ROU,Tatanagar - Rourkela,SER,Catenary Wire Tension Regulation,Auto-tensioning device pulley weight travel check before winter on Tatanagar - Rourkela,high,2026-09-13,2026-09-28,120,14.1,0,45,data.gov.in
TDMS-0218,TDMS,Traction Distribution,TATA-ROU,Tatanagar - Rourkela,SER,Catenary Wire Tension Regulation,Auto-tensioning device pulley weight travel check before winter on Tatanagar - Rourkela,high,2026-09-05,2026-09-14,120,96.8,0,45,data.gov.in
TMS-0219,TMS,Engineering,BSP-R,Bilaspur - Raipur,SECR,CMS Crossing Reconditioning,Trans-weld building up of battered nose on Cast Manganese Steel crossing on Bilaspur - Raipur,medium,2026-09-13,2026-10-04,135,11.2,2,45,data.gov.in
TMS-0220,TMS,Engineering,BSP-R,Bilaspur - Raipur,SECR,Level Crossing Paved Track Repair,Rubber pad renewal and check rail clearance at LC Gate on Bilaspur - Raipur,medium,2026-09-06,2026-09-20,135,20.6,0,45,data.gov.in
TMS-0221,TMS,Engineering,BSP-R,Bilaspur - Raipur,SECR,Bridge Bearing Inspection & Greasing,Girder seating rocker-roller bearing lubrication on Bilaspur - Raipur,medium,2026-09-11,2026-09-23,120,110.0,0,15,data.gov.in
SMMS-0222,SMMS,Signal & Telecom,BSP-R,Bilaspur - Raipur,SECR,Point Machine Motor Overhaul,143B Point machine stroke timing exceeded 5.2s threshold on Bilaspur - Raipur,high,2026-09-01,2026-09-23,105,92.0,0,45,data.gov.in
SMMS-0223,SMMS,Signal & Telecom,BSP-R,Bilaspur - Raipur,SECR,Track Circuit Relay Replacement,QTA2 track relay contact resistance fluctuating under dampness on Bilaspur - Raipur,high,2026-09-05,2026-09-14,90,18.7,0,60,data.gov.in
SMMS-0224,SMMS,Signal & Telecom,BSP-R,Bilaspur - Raipur,SECR,OFC Splicing & Path Jointing,Fiber attenuation high on quad cable core near intermediate block hut on Bilaspur - Raipur,high,2026-09-04,2026-09-20,105,74.7,0,60,data.gov.in
TDMS-0225,TDMS,Traction Distribution,BSP-R,Bilaspur - Raipur,SECR,OHE Contact Wire Profile Measurement,Laser pantograph contact wire height and stagger recording on Bilaspur - Raipur,high,2026-09-10,2026-10-02,90,27.1,2,30,data.gov.in
TDMS-0226,TDMS,Traction Distribution,BSP-R,Bilaspur - Raipur,SECR,Dropper Replacement & Height Adjustment,Current carrying copper flexible dropper frayed near mast on Bilaspur - Raipur,medium,2026-08-30,2026-09-18,75,51.3,1,60,data.gov.in
TDMS-0227,TDMS,Traction Distribution,BSP-R,Bilaspur - Raipur,SECR,Substation Transformer Testing,Traction power transformer dissolved gas analysis sampling on Bilaspur - Raipur,medium,2026-09-12,2026-09-23,90,88.3,0,45,data.gov.in
TMS-0228,TMS,Engineering,R-DURG,Raipur - Durg,SECR,Bridge Bearing Inspection & Greasing,Girder seating rocker-roller bearing lubrication on Raipur - Durg,medium,2026-09-06,2026-09-28,120,33.7,0,45,data.gov.in
TMS-0229,TMS,Engineering,R-DURG,Raipur - Durg,SECR,Thermit Weld Renewal,AT Weld defective Ultrasonic signal at Rail Joint needing crop & re-weld on Raipur - Durg,critical,2026-09-12,2026-09-25,150,16.7,0,60,data.gov.in
SMMS-0230,SMMS,Signal & Telecom,R-DURG,Raipur - Durg,SECR,Point Machine Lock Bar Testing,Facing point lock tolerance check on junction interlocking on Raipur - Durg,high,2026-09-03,2026-09-19,90,33.6,2,15,data.gov.in
SMMS-0231,SMMS,Signal & Telecom,R-DURG,Raipur - Durg,SECR,Electronic Interlocking Diagnostic,Dual redundant EI system power supply unit card replacement on Raipur - Durg,critical,2026-09-01,2026-09-17,90,9.3,0,45,data.gov.in
TDMS-0232,TDMS,Traction Distribution,R-DURG,Raipur - Durg,SECR,Neutral Section Insulator Renewal,PTFE neutral section runner wear exceeds 3mm safety tolerance on Raipur - Durg,critical,2026-09-07,2026-09-15,90,30.4,1,30,data.gov.in
TDMS-0233,TDMS,Traction Distribution,R-DURG,Raipur - Durg,SECR,Cantilever Assembly Replacement,Galvanized steel cantilever bracket corrosion detected during trolley inspection on Raipur - Durg,high,2026-09-16,2026-09-30,105,33.1,2,30,data.gov.in
TMS-0234,TMS,Engineering,DURG-G,Durg - Gondia,SECR,Bridge Bearing Inspection & Greasing,Girder seating rocker-roller bearing lubrication on Durg - Gondia,medium,2026-09-17,2026-09-24,120,3.5,0,30,data.gov.in
TMS-0235,TMS,Engineering,DURG-G,Durg - Gondia,SECR,Rail Flaw Ultrasonic Testing,USFD detected transverse fatigue crack in rail head on Durg - Gondia,critical,2026-09-01,2026-09-19,90,15.8,1,30,data.gov.in
TMS-0236,TMS,Engineering,DURG-G,Durg - Gondia,SECR,SEJ Overhaul,Tongue and stock rail gap calibration for extreme thermal expansion on Durg - Gondia,high,2026-09-14,2026-09-20,165,32.7,2,15,data.gov.in
SMMS-0237,SMMS,Signal & Telecom,DURG-G,Durg - Gondia,SECR,Level Crossing Boom Barrier Overhaul,Electric lifting barrier clutch mechanism alignment on Durg - Gondia,medium,2026-08-31,2026-09-05,90,85.1,0,30,data.gov.in
SMMS-0238,SMMS,Signal & Telecom,DURG-G,Durg - Gondia,SECR,Axle Counter Sensor Recalibration,Multi-section digital axle counter wheel sensor gain drifted on Durg - Gondia,critical,2026-09-04,2026-09-09,75,82.8,0,60,data.gov.in
TDMS-0239,TDMS,Traction Distribution,DURG-G,Durg - Gondia,SECR,Insulator Jet Washing,Heavy pollution encrustation on porcelain insulators near industrial sidings on Durg - Gondia,medium,2026-09-01,2026-09-17,90,10.0,0,60,data.gov.in
TDMS-0240,TDMS,Traction Distribution,DURG-G,Durg - Gondia,SECR,OHE Contact Wire Profile Measurement,Laser pantograph contact wire height and stagger recording on Durg - Gondia,high,2026-09-16,2026-10-11,90,52.5,1,45,data.gov.in
TMS-0241,TMS,Engineering,MAS-AJJ,Chennai Central - Arakkonam,SR,CMS Crossing Reconditioning,Trans-weld building up of battered nose on Cast Manganese Steel crossing on Chennai Central - Arakkonam,medium,2026-09-15,2026-10-01,135,17.2,0,45,data.gov.in
TMS-0242,TMS,Engineering,MAS-AJJ,Chennai Central - Arakkonam,SR,Continuous Welded Rail Destressing,Thermal stress equalization on 60kg 90UTS welded rail for 160 kmph Vande Bharat on Chennai Central - Arakkonam,high,2026-09-16,2026-10-02,180,37.6,0,60,data.gov.in
SMMS-0243,SMMS,Signal & Telecom,MAS-AJJ,Chennai Central - Arakkonam,SR,Track Circuit Relay Replacement,QTA2 track relay contact resistance fluctuating under dampness on Chennai Central - Arakkonam,high,2026-09-13,2026-09-20,90,49.0,2,15,data.gov.in
SMMS-0244,SMMS,Signal & Telecom,MAS-AJJ,Chennai Central - Arakkonam,SR,Axle Counter Sensor Recalibration,Multi-section digital axle counter wheel sensor gain drifted on Chennai Central - Arakkonam,critical,2026-09-11,2026-09-17,75,54.0,0,45,data.gov.in
SMMS-0245,SMMS,Signal & Telecom,MAS-AJJ,Chennai Central - Arakkonam,SR,Axle Counter Sensor Recalibration,Multi-section digital axle counter wheel sensor gain drifted on Chennai Central - Arakkonam,critical,2026-09-01,2026-09-18,75,67.3,2,45,data.gov.in
TDMS-0246,TDMS,Traction Distribution,MAS-AJJ,Chennai Central - Arakkonam,SR,25kV TSS Feeder CB Overhaul,Vacuum circuit breaker auxiliary contact overhaul during scheduled power block on Chennai Central - Arakkonam,critical,2026-09-08,2026-09-24,120,58.8,0,45,data.gov.in
TDMS-0247,TDMS,Traction Distribution,MAS-AJJ,Chennai Central - Arakkonam,SR,Catenary Wire Tension Regulation,Auto-tensioning device pulley weight travel check before winter on Chennai Central - Arakkonam,high,2026-09-14,2026-09-30,120,30.3,2,60,data.gov.in
TMS-0248,TMS,Engineering,AJJ-KPD,Arakkonam - Katpadi,SR,CMS Crossing Reconditioning,Trans-weld building up of battered nose on Cast Manganese Steel crossing on Arakkonam - Katpadi,medium,2026-09-12,2026-10-02,135,41.8,1,45,data.gov.in
TMS-0249,TMS,Engineering,AJJ-KPD,Arakkonam - Katpadi,SR,Thermit Weld Renewal,AT Weld defective Ultrasonic signal at Rail Joint needing crop & re-weld on Arakkonam - Katpadi,critical,2026-09-04,2026-09-11,150,26.4,0,45,data.gov.in
TMS-0250,TMS,Engineering,AJJ-KPD,Arakkonam - Katpadi,SR,CMS Crossing Reconditioning,Trans-weld building up of battered nose on Cast Manganese Steel crossing on Arakkonam - Katpadi,medium,2026-09-14,2026-09-21,135,20.3,1,45,data.gov.in
SMMS-0251,SMMS,Signal & Telecom,AJJ-KPD,Arakkonam - Katpadi,SR,Electronic Interlocking Diagnostic,Dual redundant EI system power supply unit card replacement on Arakkonam - Katpadi,critical,2026-09-12,2026-10-01,90,21.7,0,45,data.gov.in
SMMS-0252,SMMS,Signal & Telecom,AJJ-KPD,Arakkonam - Katpadi,SR,Electronic Interlocking Diagnostic,Dual redundant EI system power supply unit card replacement on Arakkonam - Katpadi,critical,2026-09-09,2026-10-04,90,58.8,0,15,data.gov.in
SMMS-0253,SMMS,Signal & Telecom,AJJ-KPD,Arakkonam - Katpadi,SR,Electronic Interlocking Diagnostic,Dual redundant EI system power supply unit card replacement on Arakkonam - Katpadi,critical,2026-09-06,2026-09-27,90,48.3,0,15,data.gov.in
TDMS-0254,TDMS,Traction Distribution,AJJ-KPD,Arakkonam - Katpadi,SR,OHE Contact Wire Profile Measurement,Laser pantograph contact wire height and stagger recording on Arakkonam - Katpadi,high,2026-09-16,2026-09-25,90,5.0,1,45,data.gov.in
TDMS-0255,TDMS,Traction Distribution,AJJ-KPD,Arakkonam - Katpadi,SR,Substation Transformer Testing,Traction power transformer dissolved gas analysis sampling on Arakkonam - Katpadi,medium,2026-08-30,2026-09-05,90,36.7,2,45,data.gov.in
TMS-0256,TMS,Engineering,ED-CBE,Erode - Coimbatore,SR,Bridge Bearing Inspection & Greasing,Girder seating rocker-roller bearing lubrication on Erode - Coimbatore,medium,2026-09-15,2026-10-08,120,14.6,1,60,data.gov.in
TMS-0257,TMS,Engineering,ED-CBE,Erode - Coimbatore,SR,CMS Crossing Reconditioning,Trans-weld building up of battered nose on Cast Manganese Steel crossing on Erode - Coimbatore,medium,2026-09-09,2026-09-21,135,96.1,0,30,data.gov.in
TMS-0258,TMS,Engineering,ED-CBE,Erode - Coimbatore,SR,Bridge Bearing Inspection & Greasing,Girder seating rocker-roller bearing lubrication on Erode - Coimbatore,medium,2026-09-01,2026-09-18,120,91.4,0,45,data.gov.in
SMMS-0259,SMMS,Signal & Telecom,ED-CBE,Erode - Coimbatore,SR,Level Crossing Boom Barrier Overhaul,Electric lifting barrier clutch mechanism alignment on Erode - Coimbatore,medium,2026-09-11,2026-10-05,90,29.3,2,30,data.gov.in
SMMS-0260,SMMS,Signal & Telecom,ED-CBE,Erode - Coimbatore,SR,Point Machine Motor Overhaul,143B Point machine stroke timing exceeded 5.2s threshold on Erode - Coimbatore,high,2026-09-13,2026-09-20,105,45.8,2,15,data.gov.in
SMMS-0261,SMMS,Signal & Telecom,ED-CBE,Erode - Coimbatore,SR,Automatic Signaling Aspect Renewal,Signal LED cluster degradation on home signal aspect on Erode - Coimbatore,high,2026-09-06,2026-09-13,60,55.4,1,45,data.gov.in
TDMS-0262,TDMS,Traction Distribution,ED-CBE,Erode - Coimbatore,SR,Cantilever Assembly Replacement,Galvanized steel cantilever bracket corrosion detected during trolley inspection on Erode - Coimbatore,high,2026-09-06,2026-09-27,105,23.2,0,30,data.gov.in
TDMS-0263,TDMS,Traction Distribution,ED-CBE,Erode - Coimbatore,SR,25kV TSS Feeder CB Overhaul,Vacuum circuit breaker auxiliary contact overhaul during scheduled power block on Erode - Coimbatore,critical,2026-09-02,2026-09-07,120,36.7,1,60,data.gov.in
TMS-0264,TMS,Engineering,TVC-QLN,Thiruvananthapuram - Kollam,SR,Track Geometry Alignment Calibration,Track recording car flagged cross-level and twist exceeding tolerance on Thiruvananthapuram - Kollam,high,2026-09-15,2026-09-22,120,20.5,2,60,data.gov.in
TMS-0265,TMS,Engineering,TVC-QLN,Thiruvananthapuram - Kollam,SR,Deep Ballast Screening & Tamping,Ballast cleaning machine deployment to restore track elasticity on Thiruvananthapuram - Kollam,high,2026-08-30,2026-09-06,210,8.9,1,15,data.gov.in
SMMS-0266,SMMS,Signal & Telecom,TVC-QLN,Thiruvananthapuram - Kollam,SR,Level Crossing Boom Barrier Overhaul,Electric lifting barrier clutch mechanism alignment on Thiruvananthapuram - Kollam,medium,2026-09-01,2026-09-17,90,9.1,0,30,data.gov.in
SMMS-0267,SMMS,Signal & Telecom,TVC-QLN,Thiruvananthapuram - Kollam,SR,Electronic Interlocking Diagnostic,Dual redundant EI system power supply unit card replacement on Thiruvananthapuram - Kollam,critical,2026-09-01,2026-09-07,90,53.4,0,45,data.gov.in
SMMS-0268,SMMS,Signal & Telecom,TVC-QLN,Thiruvananthapuram - Kollam,SR,Track Circuit Relay Replacement,QTA2 track relay contact resistance fluctuating under dampness on Thiruvananthapuram - Kollam,high,2026-09-12,2026-09-27,90,59.9,0,45,data.gov.in
TDMS-0269,TDMS,Traction Distribution,TVC-QLN,Thiruvananthapuram - Kollam,SR,Insulator Jet Washing,Heavy pollution encrustation on porcelain insulators near industrial sidings on Thiruvananthapuram - Kollam,medium,2026-09-09,2026-09-20,90,41.0,1,30,data.gov.in
TDMS-0270,TDMS,Traction Distribution,TVC-QLN,Thiruvananthapuram - Kollam,SR,Catenary Wire Tension Regulation,Auto-tensioning device pulley weight travel check before winter on Thiruvananthapuram - Kollam,high,2026-08-31,2026-09-07,120,32.7,0,30,data.gov.in
TDMS-0271,TDMS,Traction Distribution,TVC-QLN,Thiruvananthapuram - Kollam,SR,Cantilever Assembly Replacement,Galvanized steel cantilever bracket corrosion detected during trolley inspection on Thiruvananthapuram - Kollam,high,2026-09-07,2026-09-30,105,3.6,0,15,data.gov.in
TMS-0272,TMS,Engineering,SC-KZJ,Secunderabad - Kazipet,SCR,Track Geometry Alignment Calibration,Track recording car flagged cross-level and twist exceeding tolerance on Secunderabad - Kazipet,high,2026-09-09,2026-10-04,120,28.4,2,15,data.gov.in
TMS-0273,TMS,Engineering,SC-KZJ,Secunderabad - Kazipet,SCR,Bridge Bearing Inspection & Greasing,Girder seating rocker-roller bearing lubrication on Secunderabad - Kazipet,medium,2026-08-31,2026-09-14,120,84.4,1,60,data.gov.in
SMMS-0274,SMMS,Signal & Telecom,SC-KZJ,Secunderabad - Kazipet,SCR,Electronic Interlocking Diagnostic,Dual redundant EI system power supply unit card replacement on Secunderabad - Kazipet,critical,2026-09-08,2026-09-27,90,10.5,0,30,data.gov.in
SMMS-0275,SMMS,Signal & Telecom,SC-KZJ,Secunderabad - Kazipet,SCR,Level Crossing Boom Barrier Overhaul,Electric lifting barrier clutch mechanism alignment on Secunderabad - Kazipet,medium,2026-09-04,2026-09-24,90,61.4,1,30,data.gov.in
TDMS-0276,TDMS,Traction Distribution,SC-KZJ,Secunderabad - Kazipet,SCR,Dropper Replacement & Height Adjustment,Current carrying copper flexible dropper frayed near mast on Secunderabad - Kazipet,medium,2026-09-06,2026-09-23,75,18.0,1,15,data.gov.in
TDMS-0277,TDMS,Traction Distribution,SC-KZJ,Secunderabad - Kazipet,SCR,Dropper Replacement & Height Adjustment,Current carrying copper flexible dropper frayed near mast on Secunderabad - Kazipet,medium,2026-09-10,2026-09-29,75,16.9,2,30,data.gov.in
TDMS-0278,TDMS,Traction Distribution,SC-KZJ,Secunderabad - Kazipet,SCR,Cantilever Assembly Replacement,Galvanized steel cantilever bracket corrosion detected during trolley inspection on Secunderabad - Kazipet,high,2026-09-14,2026-09-20,105,38.7,2,60,data.gov.in
TMS-0279,TMS,Engineering,KZJ-BZA,Kazipet - Vijayawada,SCR,Continuous Welded Rail Destressing,Thermal stress equalization on 60kg 90UTS welded rail for 160 kmph Vande Bharat on Kazipet - Vijayawada,high,2026-09-07,2026-09-30,180,156.0,0,30,data.gov.in
TMS-0280,TMS,Engineering,KZJ-BZA,Kazipet - Vijayawada,SCR,Bridge Bearing Inspection & Greasing,Girder seating rocker-roller bearing lubrication on Kazipet - Vijayawada,medium,2026-09-01,2026-09-20,120,108.2,1,60,data.gov.in
SMMS-0281,SMMS,Signal & Telecom,KZJ-BZA,Kazipet - Vijayawada,SCR,Point Machine Motor Overhaul,143B Point machine stroke timing exceeded 5.2s threshold on Kazipet - Vijayawada,high,2026-09-05,2026-09-26,105,99.3,0,30,data.gov.in
SMMS-0282,SMMS,Signal & Telecom,KZJ-BZA,Kazipet - Vijayawada,SCR,Automatic Signaling Aspect Renewal,Signal LED cluster degradation on home signal aspect on Kazipet - Vijayawada,high,2026-09-16,2026-09-22,60,61.5,2,45,data.gov.in
TDMS-0283,TDMS,Traction Distribution,KZJ-BZA,Kazipet - Vijayawada,SCR,Insulator Jet Washing,Heavy pollution encrustation on porcelain insulators near industrial sidings on Kazipet - Vijayawada,medium,2026-09-04,2026-09-13,90,190.7,1,60,data.gov.in
TDMS-0284,TDMS,Traction Distribution,KZJ-BZA,Kazipet - Vijayawada,SCR,Dropper Replacement & Height Adjustment,Current carrying copper flexible dropper frayed near mast on Kazipet - Vijayawada,medium,2026-09-16,2026-10-03,75,12.0,0,45,data.gov.in
TMS-0285,TMS,Engineering,BZA-GDR,Vijayawada - Gudur,SCR,Thermit Weld Renewal,AT Weld defective Ultrasonic signal at Rail Joint needing crop & re-weld on Vijayawada - Gudur,critical,2026-09-05,2026-09-26,150,132.1,1,15,data.gov.in
TMS-0286,TMS,Engineering,BZA-GDR,Vijayawada - Gudur,SCR,Continuous Welded Rail Destressing,Thermal stress equalization on 60kg 90UTS welded rail for 160 kmph Vande Bharat on Vijayawada - Gudur,high,2026-09-14,2026-10-01,180,109.6,1,45,data.gov.in
TMS-0287,TMS,Engineering,BZA-GDR,Vijayawada - Gudur,SCR,Continuous Welded Rail Destressing,Thermal stress equalization on 60kg 90UTS welded rail for 160 kmph Vande Bharat on Vijayawada - Gudur,high,2026-09-11,2026-10-05,180,149.2,0,15,data.gov.in
SMMS-0288,SMMS,Signal & Telecom,BZA-GDR,Vijayawada - Gudur,SCR,Track Circuit Relay Replacement,QTA2 track relay contact resistance fluctuating under dampness on Vijayawada - Gudur,high,2026-09-07,2026-09-27,90,152.1,0,30,data.gov.in
SMMS-0289,SMMS,Signal & Telecom,BZA-GDR,Vijayawada - Gudur,SCR,Automatic Signaling Aspect Renewal,Signal LED cluster degradation on home signal aspect on Vijayawada - Gudur,high,2026-09-07,2026-09-17,60,115.3,1,45,data.gov.in
TDMS-0290,TDMS,Traction Distribution,BZA-GDR,Vijayawada - Gudur,SCR,Catenary Wire Tension Regulation,Auto-tensioning device pulley weight travel check before winter on Vijayawada - Gudur,high,2026-09-02,2026-09-07,120,108.2,0,60,data.gov.in
TDMS-0291,TDMS,Traction Distribution,BZA-GDR,Vijayawada - Gudur,SCR,Catenary Wire Tension Regulation,Auto-tensioning device pulley weight travel check before winter on Vijayawada - Gudur,high,2026-09-17,2026-10-11,120,139.1,0,15,data.gov.in
TDMS-0292,TDMS,Traction Distribution,BZA-GDR,Vijayawada - Gudur,SCR,OHE Contact Wire Profile Measurement,Laser pantograph contact wire height and stagger recording on Vijayawada - Gudur,high,2026-09-12,2026-10-03,90,184.0,2,30,data.gov.in
TMS-0293,TMS,Engineering,SBC-MYS,Bengaluru - Mysuru,SWR,Level Crossing Paved Track Repair,Rubber pad renewal and check rail clearance at LC Gate on Bengaluru - Mysuru,medium,2026-08-30,2026-09-07,135,26.9,2,45,data.gov.in
TMS-0294,TMS,Engineering,SBC-MYS,Bengaluru - Mysuru,SWR,Deep Ballast Screening & Tamping,Ballast cleaning machine deployment to restore track elasticity on Bengaluru - Mysuru,high,2026-09-13,2026-10-01,210,94.9,2,60,data.gov.in
SMMS-0295,SMMS,Signal & Telecom,SBC-MYS,Bengaluru - Mysuru,SWR,Track Circuit Relay Replacement,QTA2 track relay contact resistance fluctuating under dampness on Bengaluru - Mysuru,high,2026-09-01,2026-09-12,90,77.3,2,60,data.gov.in
SMMS-0296,SMMS,Signal & Telecom,SBC-MYS,Bengaluru - Mysuru,SWR,Automatic Signaling Aspect Renewal,Signal LED cluster degradation on home signal aspect on Bengaluru - Mysuru,high,2026-09-12,2026-10-01,60,125.0,1,45,data.gov.in
TDMS-0297,TDMS,Traction Distribution,SBC-MYS,Bengaluru - Mysuru,SWR,OHE Contact Wire Profile Measurement,Laser pantograph contact wire height and stagger recording on Bengaluru - Mysuru,high,2026-09-11,2026-09-23,90,38.9,1,30,data.gov.in
TDMS-0298,TDMS,Traction Distribution,SBC-MYS,Bengaluru - Mysuru,SWR,Catenary Wire Tension Regulation,Auto-tensioning device pulley weight travel check before winter on Bengaluru - Mysuru,high,2026-09-08,2026-09-19,120,94.9,2,45,data.gov.in
TDMS-0299,TDMS,Traction Distribution,SBC-MYS,Bengaluru - Mysuru,SWR,OHE Contact Wire Profile Measurement,Laser pantograph contact wire height and stagger recording on Bengaluru - Mysuru,high,2026-09-06,2026-09-28,90,128.0,1,45,data.gov.in
TMS-0300,TMS,Engineering,SBC-YPR,Bengaluru - Yesvantpur,SWR,Track Geometry Alignment Calibration,Track recording car flagged cross-level and twist exceeding tolerance on Bengaluru - Yesvantpur,high,2026-08-31,2026-09-17,120,4.6,2,45,data.gov.in
TMS-0301,TMS,Engineering,SBC-YPR,Bengaluru - Yesvantpur,SWR,Continuous Welded Rail Destressing,Thermal stress equalization on 60kg 90UTS welded rail for 160 kmph Vande Bharat on Bengaluru - Yesvantpur,high,2026-09-08,2026-09-14,180,2.2,0,45,data.gov.in
SMMS-0302,SMMS,Signal & Telecom,SBC-YPR,Bengaluru - Yesvantpur,SWR,Axle Counter Sensor Recalibration,Multi-section digital axle counter wheel sensor gain drifted on Bengaluru - Yesvantpur,critical,2026-09-02,2026-09-13,75,1.8,1,45,data.gov.in
SMMS-0303,SMMS,Signal & Telecom,SBC-YPR,Bengaluru - Yesvantpur,SWR,Track Circuit Relay Replacement,QTA2 track relay contact resistance fluctuating under dampness on Bengaluru - Yesvantpur,high,2026-09-14,2026-10-08,90,4.0,0,30,data.gov.in
SMMS-0304,SMMS,Signal & Telecom,SBC-YPR,Bengaluru - Yesvantpur,SWR,OFC Splicing & Path Jointing,Fiber attenuation high on quad cable core near intermediate block hut on Bengaluru - Yesvantpur,high,2026-09-01,2026-09-13,105,3.6,0,15,data.gov.in
TDMS-0305,TDMS,Traction Distribution,SBC-YPR,Bengaluru - Yesvantpur,SWR,Dropper Replacement & Height Adjustment,Current carrying copper flexible dropper frayed near mast on Bengaluru - Yesvantpur,medium,2026-09-02,2026-09-10,75,3.7,0,15,data.gov.in
TDMS-0306,TDMS,Traction Distribution,SBC-YPR,Bengaluru - Yesvantpur,SWR,Cantilever Assembly Replacement,Galvanized steel cantilever bracket corrosion detected during trolley inspection on Bengaluru - Yesvantpur,high,2026-09-04,2026-09-29,105,4.7,2,60,data.gov.in
TDMS-0307,TDMS,Traction Distribution,SBC-YPR,Bengaluru - Yesvantpur,SWR,25kV TSS Feeder CB Overhaul,Vacuum circuit breaker auxiliary contact overhaul during scheduled power block on Bengaluru - Yesvantpur,critical,2026-09-08,2026-09-23,120,2.1,0,15,data.gov.in
TMS-0308,TMS,Engineering,UBL-BGM,Hubballi - Belagavi,SWR,Rail Flaw Ultrasonic Testing,USFD detected transverse fatigue crack in rail head on Hubballi - Belagavi,critical,2026-09-16,2026-09-26,90,59.5,0,15,data.gov.in
TMS-0309,TMS,Engineering,UBL-BGM,Hubballi - Belagavi,SWR,Deep Ballast Screening & Tamping,Ballast cleaning machine deployment to restore track elasticity on Hubballi - Belagavi,high,2026-09-02,2026-09-12,210,132.1,1,15,data.gov.in
SMMS-0310,SMMS,Signal & Telecom,UBL-BGM,Hubballi - Belagavi,SWR,Axle Counter Sensor Recalibration,Multi-section digital axle counter wheel sensor gain drifted on Hubballi - Belagavi,critical,2026-08-30,2026-09-23,75,16.0,1,45,data.gov.in
SMMS-0311,SMMS,Signal & Telecom,UBL-BGM,Hubballi - Belagavi,SWR,Level Crossing Boom Barrier Overhaul,Electric lifting barrier clutch mechanism alignment on Hubballi - Belagavi,medium,2026-08-31,2026-09-21,90,70.1,0,60,data.gov.in
TDMS-0312,TDMS,Traction Distribution,UBL-BGM,Hubballi - Belagavi,SWR,25kV TSS Feeder CB Overhaul,Vacuum circuit breaker auxiliary contact overhaul during scheduled power block on Hubballi - Belagavi,critical,2026-09-14,2026-09-29,120,23.7,2,45,data.gov.in
TDMS-0313,TDMS,Traction Distribution,UBL-BGM,Hubballi - Belagavi,SWR,Cantilever Assembly Replacement,Galvanized steel cantilever bracket corrosion detected during trolley inspection on Hubballi - Belagavi,high,2026-09-17,2026-10-02,105,111.7,0,30,data.gov.in
TDMS-0314,TDMS,Traction Distribution,UBL-BGM,Hubballi - Belagavi,SWR,Substation Transformer Testing,Traction power transformer dissolved gas analysis sampling on Hubballi - Belagavi,medium,2026-09-04,2026-09-25,90,46.9,2,15,data.gov.in
TMS-0315,TMS,Engineering,JP-AII,Jaipur - Ajmer,NWR,Continuous Welded Rail Destressing,Thermal stress equalization on 60kg 90UTS welded rail for 160 kmph Vande Bharat on Jaipur - Ajmer,high,2026-09-02,2026-09-17,180,125.5,0,45,data.gov.in
TMS-0316,TMS,Engineering,JP-AII,Jaipur - Ajmer,NWR,Deep Ballast Screening & Tamping,Ballast cleaning machine deployment to restore track elasticity on Jaipur - Ajmer,high,2026-09-10,2026-09-29,210,101.2,1,45,data.gov.in
SMMS-0317,SMMS,Signal & Telecom,JP-AII,Jaipur - Ajmer,NWR,Axle Counter Sensor Recalibration,Multi-section digital axle counter wheel sensor gain drifted on Jaipur - Ajmer,critical,2026-09-06,2026-09-18,75,9.3,0,60,data.gov.in
SMMS-0318,SMMS,Signal & Telecom,JP-AII,Jaipur - Ajmer,NWR,Axle Counter Sensor Recalibration,Multi-section digital axle counter wheel sensor gain drifted on Jaipur - Ajmer,critical,2026-09-12,2026-09-29,75,92.2,1,15,data.gov.in
TDMS-0319,TDMS,Traction Distribution,JP-AII,Jaipur - Ajmer,NWR,Dropper Replacement & Height Adjustment,Current carrying copper flexible dropper frayed near mast on Jaipur - Ajmer,medium,2026-09-10,2026-09-22,75,128.3,2,30,data.gov.in
TDMS-0320,TDMS,Traction Distribution,JP-AII,Jaipur - Ajmer,NWR,OHE Contact Wire Profile Measurement,Laser pantograph contact wire height and stagger recording on Jaipur - Ajmer,high,2026-09-06,2026-09-24,90,94.4,2,30,data.gov.in
TDMS-0321,TDMS,Traction Distribution,JP-AII,Jaipur - Ajmer,NWR,25kV TSS Feeder CB Overhaul,Vacuum circuit breaker auxiliary contact overhaul during scheduled power block on Jaipur - Ajmer,critical,2026-09-15,2026-10-06,120,60.4,1,15,data.gov.in
TMS-0322,TMS,Engineering,AII-ABR,Ajmer - Abu Road,NWR,Level Crossing Paved Track Repair,Rubber pad renewal and check rail clearance at LC Gate on Ajmer - Abu Road,medium,2026-08-31,2026-09-21,135,62.3,0,30,data.gov.in
TMS-0323,TMS,Engineering,AII-ABR,Ajmer - Abu Road,NWR,CMS Crossing Reconditioning,Trans-weld building up of battered nose on Cast Manganese Steel crossing on Ajmer - Abu Road,medium,2026-09-01,2026-09-20,135,36.2,0,60,data.gov.in
SMMS-0324,SMMS,Signal & Telecom,AII-ABR,Ajmer - Abu Road,NWR,Level Crossing Boom Barrier Overhaul,Electric lifting barrier clutch mechanism alignment on Ajmer - Abu Road,medium,2026-09-16,2026-10-05,90,41.0,2,60,data.gov.in
SMMS-0325,SMMS,Signal & Telecom,AII-ABR,Ajmer - Abu Road,NWR,OFC Splicing & Path Jointing,Fiber attenuation high on quad cable core near intermediate block hut on Ajmer - Abu Road,high,2026-08-31,2026-09-19,105,204.8,1,15,data.gov.in
TDMS-0326,TDMS,Traction Distribution,AII-ABR,Ajmer - Abu Road,NWR,Catenary Wire Tension Regulation,Auto-tensioning device pulley weight travel check before winter on Ajmer - Abu Road,high,2026-09-17,2026-09-28,120,176.2,0,60,data.gov.in
TDMS-0327,TDMS,Traction Distribution,AII-ABR,Ajmer - Abu Road,NWR,Dropper Replacement & Height Adjustment,Current carrying copper flexible dropper frayed near mast on Ajmer - Abu Road,medium,2026-09-15,2026-10-07,75,302.2,0,60,data.gov.in
TDMS-0328,TDMS,Traction Distribution,AII-ABR,Ajmer - Abu Road,NWR,Neutral Section Insulator Renewal,PTFE neutral section runner wear exceeds 3mm safety tolerance on Ajmer - Abu Road,critical,2026-09-08,2026-09-26,90,55.5,0,60,data.gov.in
TMS-0329,TMS,Engineering,RE-JP,Rewari - Jaipur,NWR,Deep Ballast Screening & Tamping,Ballast cleaning machine deployment to restore track elasticity on Rewari - Jaipur,high,2026-09-03,2026-09-20,210,84.8,0,45,data.gov.in
TMS-0330,TMS,Engineering,RE-JP,Rewari - Jaipur,NWR,Thermit Weld Renewal,AT Weld defective Ultrasonic signal at Rail Joint needing crop & re-weld on Rewari - Jaipur,critical,2026-09-12,2026-10-04,150,88.7,0,30,data.gov.in
TMS-0331,TMS,Engineering,RE-JP,Rewari - Jaipur,NWR,Level Crossing Paved Track Repair,Rubber pad renewal and check rail clearance at LC Gate on Rewari - Jaipur,medium,2026-09-17,2026-10-01,135,104.2,2,60,data.gov.in
SMMS-0332,SMMS,Signal & Telecom,RE-JP,Rewari - Jaipur,NWR,Point Machine Lock Bar Testing,Facing point lock tolerance check on junction interlocking on Rewari - Jaipur,high,2026-09-03,2026-09-19,90,35.6,0,15,data.gov.in
SMMS-0333,SMMS,Signal & Telecom,RE-JP,Rewari - Jaipur,NWR,OFC Splicing & Path Jointing,Fiber attenuation high on quad cable core near intermediate block hut on Rewari - Jaipur,high,2026-09-04,2026-09-28,105,171.8,0,30,data.gov.in
TDMS-0334,TDMS,Traction Distribution,RE-JP,Rewari - Jaipur,NWR,Insulator Jet Washing,Heavy pollution encrustation on porcelain insulators near industrial sidings on Rewari - Jaipur,medium,2026-09-14,2026-10-08,90,8.5,0,30,data.gov.in
TDMS-0335,TDMS,Traction Distribution,RE-JP,Rewari - Jaipur,NWR,Neutral Section Insulator Renewal,PTFE neutral section runner wear exceeds 3mm safety tolerance on Rewari - Jaipur,critical,2026-09-05,2026-09-24,90,53.3,0,15,data.gov.in
TMS-0336,TMS,Engineering,GKP-BST,Gorakhpur - Basti,NER,Rail Flaw Ultrasonic Testing,USFD detected transverse fatigue crack in rail head on Gorakhpur - Basti,critical,2026-09-08,2026-09-20,90,51.6,1,45,data.gov.in
TMS-0337,TMS,Engineering,GKP-BST,Gorakhpur - Basti,NER,Sleeper Replacement & Fastening,Pre-stressed concrete sleeper renewal on high-density curve track on Gorakhpur - Basti,medium,2026-09-08,2026-09-17,135,62.1,0,60,data.gov.in
SMMS-0338,SMMS,Signal & Telecom,GKP-BST,Gorakhpur - Basti,NER,Axle Counter Sensor Recalibration,Multi-section digital axle counter wheel sensor gain drifted on Gorakhpur - Basti,critical,2026-09-16,2026-10-08,75,59.8,0,60,data.gov.in
SMMS-0339,SMMS,Signal & Telecom,GKP-BST,Gorakhpur - Basti,NER,Level Crossing Boom Barrier Overhaul,Electric lifting barrier clutch mechanism alignment on Gorakhpur - Basti,medium,2026-09-16,2026-10-02,90,59.4,2,45,data.gov.in
SMMS-0340,SMMS,Signal & Telecom,GKP-BST,Gorakhpur - Basti,NER,Electronic Interlocking Diagnostic,Dual redundant EI system power supply unit card replacement on Gorakhpur - Basti,critical,2026-09-04,2026-09-13,90,19.6,0,60,data.gov.in
TDMS-0341,TDMS,Traction Distribution,GKP-BST,Gorakhpur - Basti,NER,25kV TSS Feeder CB Overhaul,Vacuum circuit breaker auxiliary contact overhaul during scheduled power block on Gorakhpur - Basti,critical,2026-09-08,2026-09-17,120,51.0,0,60,data.gov.in
TDMS-0342,TDMS,Traction Distribution,GKP-BST,Gorakhpur - Basti,NER,Substation Transformer Testing,Traction power transformer dissolved gas analysis sampling on Gorakhpur - Basti,medium,2026-08-31,2026-09-21,90,9.3,0,45,data.gov.in
TMS-0343,TMS,Engineering,GKP-CPR,Gorakhpur - Chhapra,NER,CMS Crossing Reconditioning,Trans-weld building up of battered nose on Cast Manganese Steel crossing on Gorakhpur - Chhapra,medium,2026-09-15,2026-10-04,135,151.8,0,30,data.gov.in
TMS-0344,TMS,Engineering,GKP-CPR,Gorakhpur - Chhapra,NER,Level Crossing Paved Track Repair,Rubber pad renewal and check rail clearance at LC Gate on Gorakhpur - Chhapra,medium,2026-09-09,2026-09-26,135,120.9,0,15,data.gov.in
SMMS-0345,SMMS,Signal & Telecom,GKP-CPR,Gorakhpur - Chhapra,NER,Point Machine Lock Bar Testing,Facing point lock tolerance check on junction interlocking on Gorakhpur - Chhapra,high,2026-09-02,2026-09-13,90,155.8,1,45,data.gov.in
SMMS-0346,SMMS,Signal & Telecom,GKP-CPR,Gorakhpur - Chhapra,NER,OFC Splicing & Path Jointing,Fiber attenuation high on quad cable core near intermediate block hut on Gorakhpur - Chhapra,high,2026-09-11,2026-09-22,105,172.2,0,60,data.gov.in
TDMS-0347,TDMS,Traction Distribution,GKP-CPR,Gorakhpur - Chhapra,NER,25kV TSS Feeder CB Overhaul,Vacuum circuit breaker auxiliary contact overhaul during scheduled power block on Gorakhpur - Chhapra,critical,2026-09-05,2026-09-17,120,99.3,1,60,data.gov.in
TDMS-0348,TDMS,Traction Distribution,GKP-CPR,Gorakhpur - Chhapra,NER,OHE Contact Wire Profile Measurement,Laser pantograph contact wire height and stagger recording on Gorakhpur - Chhapra,high,2026-08-31,2026-09-25,90,64.9,1,45,data.gov.in
TMS-0349,TMS,Engineering,LJN-GD,Lucknow Jn - Gonda,NER,Bridge Bearing Inspection & Greasing,Girder seating rocker-roller bearing lubrication on Lucknow Jn - Gonda,medium,2026-09-14,2026-10-04,120,94.7,1,30,data.gov.in
TMS-0350,TMS,Engineering,LJN-GD,Lucknow Jn - Gonda,NER,CMS Crossing Reconditioning,Trans-weld building up of battered nose on Cast Manganese Steel crossing on Lucknow Jn - Gonda,medium,2026-09-07,2026-09-25,135,6.6,0,30,data.gov.in
TMS-0351,TMS,Engineering,LJN-GD,Lucknow Jn - Gonda,NER,Level Crossing Paved Track Repair,Rubber pad renewal and check rail clearance at LC Gate on Lucknow Jn - Gonda,medium,2026-09-09,2026-10-01,135,116.0,2,45,data.gov.in
SMMS-0352,SMMS,Signal & Telecom,LJN-GD,Lucknow Jn - Gonda,NER,Point Machine Lock Bar Testing,Facing point lock tolerance check on junction interlocking on Lucknow Jn - Gonda,high,2026-09-07,2026-09-19,90,47.7,0,60,data.gov.in
SMMS-0353,SMMS,Signal & Telecom,LJN-GD,Lucknow Jn - Gonda,NER,Automatic Signaling Aspect Renewal,Signal LED cluster degradation on home signal aspect on Lucknow Jn - Gonda,high,2026-09-09,2026-09-29,60,119.9,2,60,data.gov.in
TDMS-0354,TDMS,Traction Distribution,LJN-GD,Lucknow Jn - Gonda,NER,Dropper Replacement & Height Adjustment,Current carrying copper flexible dropper frayed near mast on Lucknow Jn - Gonda,medium,2026-09-12,2026-09-21,75,89.6,2,30,data.gov.in
TDMS-0355,TDMS,Traction Distribution,LJN-GD,Lucknow Jn - Gonda,NER,Neutral Section Insulator Renewal,PTFE neutral section runner wear exceeds 3mm safety tolerance on Lucknow Jn - Gonda,critical,2026-09-01,2026-09-07,90,104.2,0,15,data.gov.in
TMS-0356,TMS,Engineering,GHY-NBQ,Guwahati - New Bongaigaon,NFR,Deep Ballast Screening & Tamping,Ballast cleaning machine deployment to restore track elasticity on Guwahati - New Bongaigaon,high,2026-09-13,2026-10-08,210,42.7,0,15,data.gov.in
TMS-0357,TMS,Engineering,GHY-NBQ,Guwahati - New Bongaigaon,NFR,Sleeper Replacement & Fastening,Pre-stressed concrete sleeper renewal on high-density curve track on Guwahati - New Bongaigaon,medium,2026-09-01,2026-09-20,135,68.2,2,60,data.gov.in
SMMS-0358,SMMS,Signal & Telecom,GHY-NBQ,Guwahati - New Bongaigaon,NFR,OFC Splicing & Path Jointing,Fiber attenuation high on quad cable core near intermediate block hut on Guwahati - New Bongaigaon,high,2026-08-31,2026-09-22,105,75.0,0,45,data.gov.in
SMMS-0359,SMMS,Signal & Telecom,GHY-NBQ,Guwahati - New Bongaigaon,NFR,Axle Counter Sensor Recalibration,Multi-section digital axle counter wheel sensor gain drifted on Guwahati - New Bongaigaon,critical,2026-09-17,2026-10-08,75,147.4,2,30,data.gov.in
TDMS-0360,TDMS,Traction Distribution,GHY-NBQ,Guwahati - New Bongaigaon,NFR,Insulator Jet Washing,Heavy pollution encrustation on porcelain insulators near industrial sidings on Guwahati - New Bongaigaon,medium,2026-09-01,2026-09-10,90,44.4,1,45,data.gov.in
TDMS-0361,TDMS,Traction Distribution,GHY-NBQ,Guwahati - New Bongaigaon,NFR,Catenary Wire Tension Regulation,Auto-tensioning device pulley weight travel check before winter on Guwahati - New Bongaigaon,high,2026-09-05,2026-09-12,120,68.1,2,60,data.gov.in
TMS-0362,TMS,Engineering,KIR-NJP,Katihar - New Jalpaiguri,NFR,Sleeper Replacement & Fastening,Pre-stressed concrete sleeper renewal on high-density curve track on Katihar - New Jalpaiguri,medium,2026-09-08,2026-09-15,135,120.0,0,15,data.gov.in
TMS-0363,TMS,Engineering,KIR-NJP,Katihar - New Jalpaiguri,NFR,Deep Ballast Screening & Tamping,Ballast cleaning machine deployment to restore track elasticity on Katihar - New Jalpaiguri,high,2026-09-05,2026-09-22,210,101.6,0,15,data.gov.in
SMMS-0364,SMMS,Signal & Telecom,KIR-NJP,Katihar - New Jalpaiguri,NFR,Point Machine Motor Overhaul,143B Point machine stroke timing exceeded 5.2s threshold on Katihar - New Jalpaiguri,high,2026-09-02,2026-09-20,105,118.4,1,15,data.gov.in
SMMS-0365,SMMS,Signal & Telecom,KIR-NJP,Katihar - New Jalpaiguri,NFR,OFC Splicing & Path Jointing,Fiber attenuation high on quad cable core near intermediate block hut on Katihar - New Jalpaiguri,high,2026-09-10,2026-09-21,105,165.0,2,45,data.gov.in
TDMS-0366,TDMS,Traction Distribution,KIR-NJP,Katihar - New Jalpaiguri,NFR,Insulator Jet Washing,Heavy pollution encrustation on porcelain insulators near industrial sidings on Katihar - New Jalpaiguri,medium,2026-09-09,2026-10-01,90,103.6,0,30,data.gov.in
TDMS-0367,TDMS,Traction Distribution,KIR-NJP,Katihar - New Jalpaiguri,NFR,Dropper Replacement & Height Adjustment,Current carrying copper flexible dropper frayed near mast on Katihar - New Jalpaiguri,medium,2026-09-17,2026-09-28,75,107.8,2,15,data.gov.in
TMS-0368,TMS,Engineering,LMG-DBRG,Lumding - Dibrugarh,NFR,Continuous Welded Rail Destressing,Thermal stress equalization on 60kg 90UTS welded rail for 160 kmph Vande Bharat on Lumding - Dibrugarh,high,2026-08-30,2026-09-11,180,212.9,2,45,data.gov.in
TMS-0369,TMS,Engineering,LMG-DBRG,Lumding - Dibrugarh,NFR,Deep Ballast Screening & Tamping,Ballast cleaning machine deployment to restore track elasticity on Lumding - Dibrugarh,high,2026-09-13,2026-09-20,210,188.3,1,15,data.gov.in
TMS-0370,TMS,Engineering,LMG-DBRG,Lumding - Dibrugarh,NFR,Thermit Weld Renewal,AT Weld defective Ultrasonic signal at Rail Joint needing crop & re-weld on Lumding - Dibrugarh,critical,2026-09-04,2026-09-16,150,314.7,1,60,data.gov.in
SMMS-0371,SMMS,Signal & Telecom,LMG-DBRG,Lumding - Dibrugarh,NFR,OFC Splicing & Path Jointing,Fiber attenuation high on quad cable core near intermediate block hut on Lumding - Dibrugarh,high,2026-09-09,2026-09-28,105,184.5,1,60,data.gov.in
SMMS-0372,SMMS,Signal & Telecom,LMG-DBRG,Lumding - Dibrugarh,NFR,Electronic Interlocking Diagnostic,Dual redundant EI system power supply unit card replacement on Lumding - Dibrugarh,critical,2026-09-12,2026-10-05,90,248.1,0,45,data.gov.in
SMMS-0373,SMMS,Signal & Telecom,LMG-DBRG,Lumding - Dibrugarh,NFR,Point Machine Lock Bar Testing,Facing point lock tolerance check on junction interlocking on Lumding - Dibrugarh,high,2026-09-15,2026-09-22,90,101.2,2,30,data.gov.in
TDMS-0374,TDMS,Traction Distribution,LMG-DBRG,Lumding - Dibrugarh,NFR,Dropper Replacement & Height Adjustment,Current carrying copper flexible dropper frayed near mast on Lumding - Dibrugarh,medium,2026-09-06,2026-09-14,75,35.2,1,60,data.gov.in
TDMS-0375,TDMS,Traction Distribution,LMG-DBRG,Lumding - Dibrugarh,NFR,Dropper Replacement & Height Adjustment,Current carrying copper flexible dropper frayed near mast on Lumding - Dibrugarh,medium,2026-09-09,2026-09-17,75,50.6,0,60,data.gov.in
TDMS-0376,TDMS,Traction Distribution,LMG-DBRG,Lumding - Dibrugarh,NFR,OHE Contact Wire Profile Measurement,Laser pantograph contact wire height and stagger recording on Lumding - Dibrugarh,high,2026-08-31,2026-09-22,90,192.7,0,15,data.gov.in
TMS-0377,TMS,Engineering,BPL-ET,Bhopal - Itarsi,WCR,CMS Crossing Reconditioning,Trans-weld building up of battered nose on Cast Manganese Steel crossing on Bhopal - Itarsi,medium,2026-08-31,2026-09-07,135,54.7,1,60,data.gov.in
TMS-0378,TMS,Engineering,BPL-ET,Bhopal - Itarsi,WCR,Level Crossing Paved Track Repair,Rubber pad renewal and check rail clearance at LC Gate on Bhopal - Itarsi,medium,2026-09-08,2026-09-26,135,35.9,0,30,data.gov.in
SMMS-0379,SMMS,Signal & Telecom,BPL-ET,Bhopal - Itarsi,WCR,Electronic Interlocking Diagnostic,Dual redundant EI system power supply unit card replacement on Bhopal - Itarsi,critical,2026-09-12,2026-09-21,90,25.2,1,60,data.gov.in
SMMS-0380,SMMS,Signal & Telecom,BPL-ET,Bhopal - Itarsi,WCR,Track Circuit Relay Replacement,QTA2 track relay contact resistance fluctuating under dampness on Bhopal - Itarsi,high,2026-09-15,2026-09-25,90,40.1,2,45,data.gov.in
TDMS-0381,TDMS,Traction Distribution,BPL-ET,Bhopal - Itarsi,WCR,Insulator Jet Washing,Heavy pollution encrustation on porcelain insulators near industrial sidings on Bhopal - Itarsi,medium,2026-09-06,2026-09-19,90,86.0,2,30,data.gov.in
TDMS-0382,TDMS,Traction Distribution,BPL-ET,Bhopal - Itarsi,WCR,OHE Contact Wire Profile Measurement,Laser pantograph contact wire height and stagger recording on Bhopal - Itarsi,high,2026-09-14,2026-09-23,90,28.4,2,45,data.gov.in
TDMS-0383,TDMS,Traction Distribution,BPL-ET,Bhopal - Itarsi,WCR,Substation Transformer Testing,Traction power transformer dissolved gas analysis sampling on Bhopal - Itarsi,medium,2026-09-07,2026-09-26,90,31.1,0,45,data.gov.in
TMS-0384,TMS,Engineering,ET-JBP,Itarsi - Jabalpur,WCR,Track Geometry Alignment Calibration,Track recording car flagged cross-level and twist exceeding tolerance on Itarsi - Jabalpur,high,2026-09-11,2026-10-01,120,77.0,2,45,data.gov.in
TMS-0385,TMS,Engineering,ET-JBP,Itarsi - Jabalpur,WCR,SEJ Overhaul,Tongue and stock rail gap calibration for extreme thermal expansion on Itarsi - Jabalpur,high,2026-09-02,2026-09-25,165,190.2,1,60,data.gov.in
TMS-0386,TMS,Engineering,ET-JBP,Itarsi - Jabalpur,WCR,SEJ Overhaul,Tongue and stock rail gap calibration for extreme thermal expansion on Itarsi - Jabalpur,high,2026-09-05,2026-09-21,165,28.6,0,30,data.gov.in
SMMS-0387,SMMS,Signal & Telecom,ET-JBP,Itarsi - Jabalpur,WCR,Level Crossing Boom Barrier Overhaul,Electric lifting barrier clutch mechanism alignment on Itarsi - Jabalpur,medium,2026-09-11,2026-09-30,90,194.0,0,60,data.gov.in
SMMS-0388,SMMS,Signal & Telecom,ET-JBP,Itarsi - Jabalpur,WCR,Level Crossing Boom Barrier Overhaul,Electric lifting barrier clutch mechanism alignment on Itarsi - Jabalpur,medium,2026-09-13,2026-10-08,90,74.3,1,30,data.gov.in
TDMS-0389,TDMS,Traction Distribution,ET-JBP,Itarsi - Jabalpur,WCR,Substation Transformer Testing,Traction power transformer dissolved gas analysis sampling on Itarsi - Jabalpur,medium,2026-09-15,2026-10-04,90,240.7,2,60,data.gov.in
TDMS-0390,TDMS,Traction Distribution,ET-JBP,Itarsi - Jabalpur,WCR,Substation Transformer Testing,Traction power transformer dissolved gas analysis sampling on Itarsi - Jabalpur,medium,2026-08-31,2026-09-06,90,192.4,1,15,data.gov.in
TDMS-0391,TDMS,Traction Distribution,ET-JBP,Itarsi - Jabalpur,WCR,Insulator Jet Washing,Heavy pollution encrustation on porcelain insulators near industrial sidings on Itarsi - Jabalpur,medium,2026-09-10,2026-09-26,90,41.3,0,60,data.gov.in
TMS-0392,TMS,Engineering,KOTA-SWM,Kota - Sawai Madhopur,WCR,Deep Ballast Screening & Tamping,Ballast cleaning machine deployment to restore track elasticity on Kota - Sawai Madhopur,high,2026-09-14,2026-09-19,210,11.5,0,30,data.gov.in
TMS-0393,TMS,Engineering,KOTA-SWM,Kota - Sawai Madhopur,WCR,Bridge Bearing Inspection & Greasing,Girder seating rocker-roller bearing lubrication on Kota - Sawai Madhopur,medium,2026-09-06,2026-09-23,120,50.1,0,45,data.gov.in
TMS-0394,TMS,Engineering,KOTA-SWM,Kota - Sawai Madhopur,WCR,Level Crossing Paved Track Repair,Rubber pad renewal and check rail clearance at LC Gate on Kota - Sawai Madhopur,medium,2026-09-02,2026-09-10,135,32.3,0,15,data.gov.in
SMMS-0395,SMMS,Signal & Telecom,KOTA-SWM,Kota - Sawai Madhopur,WCR,Automatic Signaling Aspect Renewal,Signal LED cluster degradation on home signal aspect on Kota - Sawai Madhopur,high,2026-09-08,2026-09-23,60,49.3,0,60,data.gov.in
SMMS-0396,SMMS,Signal & Telecom,KOTA-SWM,Kota - Sawai Madhopur,WCR,Automatic Signaling Aspect Renewal,Signal LED cluster degradation on home signal aspect on Kota - Sawai Madhopur,high,2026-09-02,2026-09-10,60,47.4,2,45,data.gov.in
TDMS-0397,TDMS,Traction Distribution,KOTA-SWM,Kota - Sawai Madhopur,WCR,Catenary Wire Tension Regulation,Auto-tensioning device pulley weight travel check before winter on Kota - Sawai Madhopur,high,2026-09-16,2026-09-24,120,3.4,1,15,data.gov.in
TDMS-0398,TDMS,Traction Distribution,KOTA-SWM,Kota - Sawai Madhopur,WCR,Cantilever Assembly Replacement,Galvanized steel cantilever bracket corrosion detected during trolley inspection on Kota - Sawai Madhopur,high,2026-09-10,2026-10-01,105,19.5,0,45,data.gov.in
TMS-0399,TMS,Engineering,ROHA-RN,Roha - Ratnagiri,KRCL,Bridge Bearing Inspection & Greasing,Girder seating rocker-roller bearing lubrication on Roha - Ratnagiri,medium,2026-09-10,2026-09-27,120,128.2,0,60,data.gov.in
TMS-0400,TMS,Engineering,ROHA-RN,Roha - Ratnagiri,KRCL,Deep Ballast Screening & Tamping,Ballast cleaning machine deployment to restore track elasticity on Roha - Ratnagiri,high,2026-09-17,2026-10-11,210,179.4,2,60,data.gov.in
TMS-0401,TMS,Engineering,ROHA-RN,Roha - Ratnagiri,KRCL,Deep Ballast Screening & Tamping,Ballast cleaning machine deployment to restore track elasticity on Roha - Ratnagiri,high,2026-09-17,2026-09-28,210,42.6,0,15,data.gov.in
SMMS-0402,SMMS,Signal & Telecom,ROHA-RN,Roha - Ratnagiri,KRCL,Automatic Signaling Aspect Renewal,Signal LED cluster degradation on home signal aspect on Roha - Ratnagiri,high,2026-09-07,2026-09-18,60,93.4,1,60,data.gov.in
SMMS-0403,SMMS,Signal & Telecom,ROHA-RN,Roha - Ratnagiri,KRCL,Automatic Signaling Aspect Renewal,Signal LED cluster degradation on home signal aspect on Roha - Ratnagiri,high,2026-09-05,2026-09-29,60,80.3,0,45,data.gov.in
TDMS-0404,TDMS,Traction Distribution,ROHA-RN,Roha - Ratnagiri,KRCL,OHE Contact Wire Profile Measurement,Laser pantograph contact wire height and stagger recording on Roha - Ratnagiri,high,2026-09-12,2026-09-26,90,186.6,0,30,data.gov.in
TDMS-0405,TDMS,Traction Distribution,ROHA-RN,Roha - Ratnagiri,KRCL,Dropper Replacement & Height Adjustment,Current carrying copper flexible dropper frayed near mast on Roha - Ratnagiri,medium,2026-09-14,2026-09-26,75,62.7,0,45,data.gov.in
TDMS-0406,TDMS,Traction Distribution,ROHA-RN,Roha - Ratnagiri,KRCL,Cantilever Assembly Replacement,Galvanized steel cantilever bracket corrosion detected during trolley inspection on Roha - Ratnagiri,high,2026-09-01,2026-09-18,105,85.5,0,60,data.gov.in
TMS-0407,TMS,Engineering,RN-MAO,Ratnagiri - Madgaon,KRCL,Continuous Welded Rail Destressing,Thermal stress equalization on 60kg 90UTS welded rail for 160 kmph Vande Bharat on Ratnagiri - Madgaon,high,2026-09-02,2026-09-27,180,126.7,0,30,data.gov.in
TMS-0408,TMS,Engineering,RN-MAO,Ratnagiri - Madgaon,KRCL,Bridge Bearing Inspection & Greasing,Girder seating rocker-roller bearing lubrication on Ratnagiri - Madgaon,medium,2026-09-08,2026-09-17,120,44.8,2,15,data.gov.in
TMS-0409,TMS,Engineering,RN-MAO,Ratnagiri - Madgaon,KRCL,CMS Crossing Reconditioning,Trans-weld building up of battered nose on Cast Manganese Steel crossing on Ratnagiri - Madgaon,medium,2026-09-17,2026-10-07,135,32.9,2,60,data.gov.in
SMMS-0410,SMMS,Signal & Telecom,RN-MAO,Ratnagiri - Madgaon,KRCL,Level Crossing Boom Barrier Overhaul,Electric lifting barrier clutch mechanism alignment on Ratnagiri - Madgaon,medium,2026-09-04,2026-09-23,90,115.4,0,15,data.gov.in
SMMS-0411,SMMS,Signal & Telecom,RN-MAO,Ratnagiri - Madgaon,KRCL,Point Machine Lock Bar Testing,Facing point lock tolerance check on junction interlocking on Ratnagiri - Madgaon,high,2026-09-08,2026-09-14,90,65.3,1,30,data.gov.in
SMMS-0412,SMMS,Signal & Telecom,RN-MAO,Ratnagiri - Madgaon,KRCL,Level Crossing Boom Barrier Overhaul,Electric lifting barrier clutch mechanism alignment on Ratnagiri - Madgaon,medium,2026-08-30,2026-09-19,90,129.6,0,15,data.gov.in
TDMS-0413,TDMS,Traction Distribution,RN-MAO,Ratnagiri - Madgaon,KRCL,Dropper Replacement & Height Adjustment,Current carrying copper flexible dropper frayed near mast on Ratnagiri - Madgaon,medium,2026-08-31,2026-09-06,75,178.8,2,30,data.gov.in
TDMS-0414,TDMS,Traction Distribution,RN-MAO,Ratnagiri - Madgaon,KRCL,Substation Transformer Testing,Traction power transformer dissolved gas analysis sampling on Ratnagiri - Madgaon,medium,2026-09-14,2026-10-09,90,176.8,1,15,data.gov.in
TDMS-0415,TDMS,Traction Distribution,RN-MAO,Ratnagiri - Madgaon,KRCL,OHE Contact Wire Profile Measurement,Laser pantograph contact wire height and stagger recording on Ratnagiri - Madgaon,high,2026-09-09,2026-09-25,90,202.8,0,60,data.gov.in
TMS-0416,TMS,Engineering,MAO-KAWR,Madgaon - Karwar,KRCL,Sleeper Replacement & Fastening,Pre-stressed concrete sleeper renewal on high-density curve track on Madgaon - Karwar,medium,2026-09-11,2026-10-04,135,41.0,2,30,data.gov.in
TMS-0417,TMS,Engineering,MAO-KAWR,Madgaon - Karwar,KRCL,Track Geometry Alignment Calibration,Track recording car flagged cross-level and twist exceeding tolerance on Madgaon - Karwar,high,2026-09-13,2026-09-24,120,48.2,0,45,data.gov.in
SMMS-0418,SMMS,Signal & Telecom,MAO-KAWR,Madgaon - Karwar,KRCL,Track Circuit Relay Replacement,QTA2 track relay contact resistance fluctuating under dampness on Madgaon - Karwar,high,2026-09-07,2026-09-21,90,17.8,1,15,data.gov.in
SMMS-0419,SMMS,Signal & Telecom,MAO-KAWR,Madgaon - Karwar,KRCL,Track Circuit Relay Replacement,QTA2 track relay contact resistance fluctuating under dampness on Madgaon - Karwar,high,2026-09-04,2026-09-10,90,58.6,0,30,data.gov.in
SMMS-0420,SMMS,Signal & Telecom,MAO-KAWR,Madgaon - Karwar,KRCL,Point Machine Lock Bar Testing,Facing point lock tolerance check on junction interlocking on Madgaon - Karwar,high,2026-09-13,2026-09-28,90,49.1,2,60,data.gov.in
TDMS-0421,TDMS,Traction Distribution,MAO-KAWR,Madgaon - Karwar,KRCL,Catenary Wire Tension Regulation,Auto-tensioning device pulley weight travel check before winter on Madgaon - Karwar,high,2026-09-04,2026-09-21,120,27.2,0,60,data.gov.in
TDMS-0422,TDMS,Traction Distribution,MAO-KAWR,Madgaon - Karwar,KRCL,Catenary Wire Tension Regulation,Auto-tensioning device pulley weight travel check before winter on Madgaon - Karwar,high,2026-09-06,2026-09-25,120,56.1,1,15,data.gov.in
TMS-0423,TMS,Engineering,DUM-DAK,Dum Dum - Dakshineswar,METRO,Bridge Bearing Inspection & Greasing,Girder seating rocker-roller bearing lubrication on Dum Dum - Dakshineswar,medium,2026-09-06,2026-09-13,120,4.3,2,30,data.gov.in
TMS-0424,TMS,Engineering,DUM-DAK,Dum Dum - Dakshineswar,METRO,Deep Ballast Screening & Tamping,Ballast cleaning machine deployment to restore track elasticity on Dum Dum - Dakshineswar,high,2026-09-11,2026-10-01,210,2.1,1,45,data.gov.in
SMMS-0425,SMMS,Signal & Telecom,DUM-DAK,Dum Dum - Dakshineswar,METRO,Level Crossing Boom Barrier Overhaul,Electric lifting barrier clutch mechanism alignment on Dum Dum - Dakshineswar,medium,2026-09-07,2026-09-13,90,1.2,2,15,data.gov.in
SMMS-0426,SMMS,Signal & Telecom,DUM-DAK,Dum Dum - Dakshineswar,METRO,Point Machine Motor Overhaul,143B Point machine stroke timing exceeded 5.2s threshold on Dum Dum - Dakshineswar,high,2026-09-12,2026-10-01,105,2.9,2,30,data.gov.in
TDMS-0427,TDMS,Traction Distribution,DUM-DAK,Dum Dum - Dakshineswar,METRO,Catenary Wire Tension Regulation,Auto-tensioning device pulley weight travel check before winter on Dum Dum - Dakshineswar,high,2026-09-12,2026-09-25,120,1.4,1,45,data.gov.in
TDMS-0428,TDMS,Traction Distribution,DUM-DAK,Dum Dum - Dakshineswar,METRO,Insulator Jet Washing,Heavy pollution encrustation on porcelain insulators near industrial sidings on Dum Dum - Dakshineswar,medium,2026-09-06,2026-10-01,90,1.7,2,45,data.gov.in
TMS-0429,TMS,Engineering,HOW-ESPL,Howrah - Esplanade (Underwater),METRO,Deep Ballast Screening & Tamping,Ballast cleaning machine deployment to restore track elasticity on Howrah - Esplanade (Underwater),high,2026-09-15,2026-09-23,210,1.0,2,15,data.gov.in
TMS-0430,TMS,Engineering,HOW-ESPL,Howrah - Esplanade (Underwater),METRO,Continuous Welded Rail Destressing,Thermal stress equalization on 60kg 90UTS welded rail for 160 kmph Vande Bharat on Howrah - Esplanade (Underwater),high,2026-08-30,2026-09-11,180,2.5,2,15,data.gov.in
SMMS-0431,SMMS,Signal & Telecom,HOW-ESPL,Howrah - Esplanade (Underwater),METRO,Automatic Signaling Aspect Renewal,Signal LED cluster degradation on home signal aspect on Howrah - Esplanade (Underwater),high,2026-09-14,2026-10-02,60,2.9,2,15,data.gov.in
SMMS-0432,SMMS,Signal & Telecom,HOW-ESPL,Howrah - Esplanade (Underwater),METRO,Point Machine Lock Bar Testing,Facing point lock tolerance check on junction interlocking on Howrah - Esplanade (Underwater),high,2026-09-05,2026-09-12,90,3.0,0,15,data.gov.in
TDMS-0433,TDMS,Traction Distribution,HOW-ESPL,Howrah - Esplanade (Underwater),METRO,Dropper Replacement & Height Adjustment,Current carrying copper flexible dropper frayed near mast on Howrah - Esplanade (Underwater),medium,2026-09-08,2026-09-17,75,2.1,0,30,data.gov.in
TDMS-0434,TDMS,Traction Distribution,HOW-ESPL,Howrah - Esplanade (Underwater),METRO,Insulator Jet Washing,Heavy pollution encrustation on porcelain insulators near industrial sidings on Howrah - Esplanade (Underwater),medium,2026-09-01,2026-09-24,90,1.0,0,60,data.gov.in
TDMS-0435,TDMS,Traction Distribution,HOW-ESPL,Howrah - Esplanade (Underwater),METRO,Dropper Replacement & Height Adjustment,Current carrying copper flexible dropper frayed near mast on Howrah - Esplanade (Underwater),medium,2026-09-11,2026-10-06,75,3.1,2,60,data.gov.in
